-- ADMINS
INSERT INTO users(username,password,enabled) VALUES ('admin1','admin',TRUE);
INSERT INTO users(username,password,enabled) VALUES ('admin2','admin',TRUE);
INSERT INTO users(username,password,enabled) VALUES ('admin3','admin',TRUE);
INSERT INTO users(username,password,enabled) VALUES ('admin4','admin',TRUE);
INSERT INTO authorities VALUES ('admin1','admin');
INSERT INTO authorities VALUES ('admin2','admin');
INSERT INTO authorities VALUES ('admin3','admin');
INSERT INTO authorities VALUES ('admin4','admin');

-- OWNERS
INSERT INTO users(username,password,enabled) VALUES ('owner1','owner',TRUE);
INSERT INTO users(username,password,enabled) VALUES ('owner2','owner',TRUE);
INSERT INTO users(username,password,enabled) VALUES ('owner3','owner',TRUE);
INSERT INTO users(username,password,enabled) VALUES ('owner4','owner',TRUE);
INSERT INTO users(username,password,enabled) VALUES ('owner5','owner',TRUE);
INSERT INTO users(username,password,enabled) VALUES ('owner6','owner',TRUE);
INSERT INTO users(username,password,enabled) VALUES ('owner7','owner',TRUE);
INSERT INTO users(username,password,enabled) VALUES ('owner8','owner',TRUE);
INSERT INTO users(username,password,enabled) VALUES ('owner9','owner',TRUE);
INSERT INTO users(username,password,enabled) VALUES ('owner10','owner',TRUE);
INSERT INTO authorities VALUES ('owner1','owner');
INSERT INTO authorities VALUES ('owner2','owner');
INSERT INTO authorities VALUES ('owner3','owner');
INSERT INTO authorities VALUES ('owner4','owner');
INSERT INTO authorities VALUES ('owner5','owner');
INSERT INTO authorities VALUES ('owner6','owner');
INSERT INTO authorities VALUES ('owner7','owner');
INSERT INTO authorities VALUES ('owner8','owner');
INSERT INTO authorities VALUES ('owner9','owner');
INSERT INTO authorities VALUES ('owner10','owner');

INSERT INTO owners(id,first_name,last_name,address,city,telephone,username) VALUES (1, 'Mock1', 'Owner1', '110 W. Simulated St.', 'Big City', '123456789', 'owner1');
INSERT INTO owners(id,first_name,last_name,address,city,telephone,username) VALUES (2, 'Mock2', 'Owner2', '110 W. Simulated St.', 'Big City', '123456789', 'owner2');
INSERT INTO owners(id,first_name,last_name,address,city,telephone,username) VALUES (3, 'Mock3', 'Owner3', '110 W. Simulated St.', 'Big City', '123456789', 'owner3');
INSERT INTO owners(id,first_name,last_name,address,city,telephone,username) VALUES (4, 'Mock4', 'Owner4', '110 W. Simulated St.', 'Big City', '123456789', 'owner4');
INSERT INTO owners(id,first_name,last_name,address,city,telephone,username) VALUES (5, 'Mock5', 'Owner5', '110 W. Simulated St.', 'Big City', '123456789', 'owner5');
INSERT INTO owners(id,first_name,last_name,address,city,telephone,username) VALUES (6, 'Mock6', 'Owner6', '110 W. Simulated St.', 'Big City', '123456789', 'owner6');
INSERT INTO owners(id,first_name,last_name,address,city,telephone,username) VALUES (7, 'Mock7', 'Owner7', '110 W. Simulated St.', 'Big City', '123456789', 'owner7');
INSERT INTO owners(id,first_name,last_name,address,city,telephone,username) VALUES (8, 'Mock8', 'Owner8', '110 W. Simulated St.', 'Big City', '123456789', 'owner8');
INSERT INTO owners(id,first_name,last_name,address,city,telephone,username) VALUES (9, 'Mock9', 'Owner9', '110 W. Simulated St.', 'Big City', '123456789', 'owner9');
INSERT INTO owners(id,first_name,last_name,address,city,telephone,username) VALUES (10, 'Mock10', 'Owner10', '110 W. Simulated St.', 'Big City', '123456789', 'owner10');


-- VETS
INSERT INTO users(username,password,enabled) VALUES ('vet1','v3t',TRUE);
INSERT INTO users(username,password,enabled) VALUES ('vet2','v3t',TRUE);
INSERT INTO users(username,password,enabled) VALUES ('vet3','v3t',TRUE);
INSERT INTO users(username,password,enabled) VALUES ('vet4','v3t',TRUE);
INSERT INTO users(username,password,enabled) VALUES ('vet5','v3t',TRUE);
INSERT INTO users(username,password,enabled) VALUES ('vet6','v3t',TRUE);
INSERT INTO users(username,password,enabled) VALUES ('vet7','v3t',TRUE);
INSERT INTO users(username,password,enabled) VALUES ('vet8','v3t',TRUE);
INSERT INTO users(username,password,enabled) VALUES ('vet9','v3t',TRUE);
INSERT INTO users(username,password,enabled) VALUES ('vet10','v3t',TRUE);
INSERT INTO users(username,password,enabled) VALUES ('vet11','v3t',TRUE);
INSERT INTO users(username,password,enabled) VALUES ('vet12','v3t',TRUE);
INSERT INTO users(username,password,enabled) VALUES ('vet13','v3t',TRUE);
INSERT INTO users(username,password,enabled) VALUES ('vet14','v3t',TRUE);
INSERT INTO users(username,password,enabled) VALUES ('vet15','v3t',TRUE);
INSERT INTO users(username,password,enabled) VALUES ('vet16','v3t',TRUE);
INSERT INTO users(username,password,enabled) VALUES ('vet17','v3t',TRUE);
INSERT INTO users(username,password,enabled) VALUES ('vet18','v3t',TRUE);
INSERT INTO users(username,password,enabled) VALUES ('vet19','v3t',TRUE);
INSERT INTO users(username,password,enabled) VALUES ('vet20','v3t',TRUE);
INSERT INTO users(username,password,enabled) VALUES ('vet21','v3t',TRUE);
INSERT INTO users(username,password,enabled) VALUES ('vet22','v3t',TRUE);
INSERT INTO users(username,password,enabled) VALUES ('vet23','v3t',TRUE);
INSERT INTO users(username,password,enabled) VALUES ('vet24','v3t',TRUE);
INSERT INTO users(username,password,enabled) VALUES ('vet25','v3t',TRUE);
INSERT INTO users(username,password,enabled) VALUES ('vet26','v3t',TRUE);
INSERT INTO users(username,password,enabled) VALUES ('vet27','v3t',TRUE);
INSERT INTO users(username,password,enabled) VALUES ('vet28','v3t',TRUE);
INSERT INTO users(username,password,enabled) VALUES ('vet29','v3t',TRUE);
INSERT INTO users(username,password,enabled) VALUES ('vet30','v3t',TRUE);

INSERT INTO authorities VALUES ('vet1','veterinarian');
INSERT INTO authorities VALUES ('vet2','veterinarian');
INSERT INTO authorities VALUES ('vet3','veterinarian');
INSERT INTO authorities VALUES ('vet4','veterinarian');
INSERT INTO authorities VALUES ('vet5','veterinarian');
INSERT INTO authorities VALUES ('vet6','veterinarian');
INSERT INTO authorities VALUES ('vet7','veterinarian');
INSERT INTO authorities VALUES ('vet8','veterinarian');
INSERT INTO authorities VALUES ('vet9','veterinarian');
INSERT INTO authorities VALUES ('vet10','veterinarian');
INSERT INTO authorities VALUES ('vet11','veterinarian');
INSERT INTO authorities VALUES ('vet12','veterinarian');
INSERT INTO authorities VALUES ('vet13','veterinarian');
INSERT INTO authorities VALUES ('vet14','veterinarian');
INSERT INTO authorities VALUES ('vet15','veterinarian');
INSERT INTO authorities VALUES ('vet16','veterinarian');
INSERT INTO authorities VALUES ('vet17','veterinarian');
INSERT INTO authorities VALUES ('vet18','veterinarian');
INSERT INTO authorities VALUES ('vet19','veterinarian');
INSERT INTO authorities VALUES ('vet20','veterinarian');
INSERT INTO authorities VALUES ('vet21','veterinarian');
INSERT INTO authorities VALUES ('vet22','veterinarian');
INSERT INTO authorities VALUES ('vet23','veterinarian');
INSERT INTO authorities VALUES ('vet24','veterinarian');
INSERT INTO authorities VALUES ('vet25','veterinarian');
INSERT INTO authorities VALUES ('vet26','veterinarian');
INSERT INTO authorities VALUES ('vet27','veterinarian');
INSERT INTO authorities VALUES ('vet28','veterinarian');
INSERT INTO authorities VALUES ('vet29','veterinarian');
INSERT INTO authorities VALUES ('vet30','veterinarian');

INSERT INTO vets VALUES (1, 'Mock1', 'Vet1');
INSERT INTO vets VALUES (2, 'Mock2', 'Vet2');
INSERT INTO vets VALUES (3, 'Mock3', 'Vet3');
INSERT INTO vets VALUES (4, 'Mock4', 'Vet4');
INSERT INTO vets VALUES (5, 'Mock5', 'Vet5');
INSERT INTO vets VALUES (6, 'Mock6', 'Vet6');
INSERT INTO vets VALUES (7, 'Mock7', 'Vet7');
INSERT INTO vets VALUES (8, 'Mock8', 'Vet8');
INSERT INTO vets VALUES (9, 'Mock9', 'Vet9');
INSERT INTO vets VALUES (10, 'Mock10', 'Vet10');
INSERT INTO vets VALUES (11, 'Mock11', 'Vet11');
INSERT INTO vets VALUES (12, 'Mock12', 'Vet12');
INSERT INTO vets VALUES (13, 'Mock13', 'Vet13');
INSERT INTO vets VALUES (14, 'Mock14', 'Vet14');
INSERT INTO vets VALUES (15, 'Mock15', 'Vet15');
INSERT INTO vets VALUES (16, 'Mock16', 'Vet16');
INSERT INTO vets VALUES (17, 'Mock17', 'Vet17');
INSERT INTO vets VALUES (18, 'Mock18', 'Vet18');
INSERT INTO vets VALUES (19, 'Mock19', 'Vet19');
INSERT INTO vets VALUES (20, 'Mock20', 'Vet20');
INSERT INTO vets VALUES (21, 'Mock21', 'Vet21');
INSERT INTO vets VALUES (22, 'Mock22', 'Vet22');
INSERT INTO vets VALUES (23, 'Mock23', 'Vet23');
INSERT INTO vets VALUES (24, 'Mock24', 'Vet24');
INSERT INTO vets VALUES (25, 'Mock25', 'Vet25');
INSERT INTO vets VALUES (26, 'Mock26', 'Vet26');
INSERT INTO vets VALUES (27, 'Mock27', 'Vet27');
INSERT INTO vets VALUES (28, 'Mock28', 'Vet28');
INSERT INTO vets VALUES (29, 'Mock29', 'Vet29');
INSERT INTO vets VALUES (30, 'Mock30', 'Vet30');

-- Specialities

INSERT INTO specialties VALUES (1, 'radiology');
INSERT INTO specialties VALUES (2, 'surgery');
INSERT INTO specialties VALUES (3, 'dentistry');

INSERT INTO vet_specialties VALUES (2, 1);
INSERT INTO vet_specialties VALUES (3, 2);
INSERT INTO vet_specialties VALUES (3, 3);
INSERT INTO vet_specialties VALUES (4, 2);
INSERT INTO vet_specialties VALUES (5, 1);

-- Pet types

INSERT INTO types VALUES (1, 'cat');
INSERT INTO types VALUES (2, 'dog');
INSERT INTO types VALUES (3, 'lizard');
INSERT INTO types VALUES (4, 'snake');
INSERT INTO types VALUES (5, 'bird');
INSERT INTO types VALUES (6, 'hamster');

-- PETS
INSERT INTO pets(id,name,birth_date,type_id,owner_id) VALUES (1, 'Pet1name1', '2010-09-07', 2, 1);
INSERT INTO pets(id,name,birth_date,type_id,owner_id) VALUES (2, 'Pet1name2', '2010-09-07', 3, 1);
INSERT INTO pets(id,name,birth_date,type_id,owner_id) VALUES (3, 'Pet1name3', '2010-09-07', 4, 1);
INSERT INTO pets(id,name,birth_date,type_id,owner_id) VALUES (4, 'Pet1name4', '2010-09-07', 5, 1);
INSERT INTO pets(id,name,birth_date,type_id,owner_id) VALUES (5, 'Pet1name5', '2010-09-07', 1, 1);
INSERT INTO pets(id,name,birth_date,type_id,owner_id) VALUES (6, 'Pet1name6', '2010-09-07', 2, 1);
INSERT INTO pets(id,name,birth_date,type_id,owner_id) VALUES (7, 'Pet1name7', '2010-09-07', 3, 1);
INSERT INTO pets(id,name,birth_date,type_id,owner_id) VALUES (8, 'Pet1name8', '2010-09-07', 4, 1);
INSERT INTO pets(id,name,birth_date,type_id,owner_id) VALUES (9, 'Pet1name9', '2010-09-07', 5, 1);
INSERT INTO pets(id,name,birth_date,type_id,owner_id) VALUES (10, 'Pet1name10', '2010-09-07', 1, 1);
INSERT INTO pets(id,name,birth_date,type_id,owner_id) VALUES (11, 'Pet2name11', '2010-09-07', 2, 2);
INSERT INTO pets(id,name,birth_date,type_id,owner_id) VALUES (12, 'Pet2name12', '2010-09-07', 3, 2);
INSERT INTO pets(id,name,birth_date,type_id,owner_id) VALUES (13, 'Pet2name13', '2010-09-07', 4, 2);
INSERT INTO pets(id,name,birth_date,type_id,owner_id) VALUES (14, 'Pet2name14', '2010-09-07', 5, 2);
INSERT INTO pets(id,name,birth_date,type_id,owner_id) VALUES (15, 'Pet2name15', '2010-09-07', 1, 2);
INSERT INTO pets(id,name,birth_date,type_id,owner_id) VALUES (16, 'Pet2name16', '2010-09-07', 2, 2);
INSERT INTO pets(id,name,birth_date,type_id,owner_id) VALUES (17, 'Pet2name17', '2010-09-07', 3, 2);
INSERT INTO pets(id,name,birth_date,type_id,owner_id) VALUES (18, 'Pet2name18', '2010-09-07', 4, 2);
INSERT INTO pets(id,name,birth_date,type_id,owner_id) VALUES (19, 'Pet2name19', '2010-09-07', 5, 2);
INSERT INTO pets(id,name,birth_date,type_id,owner_id) VALUES (20, 'Pet2name20', '2010-09-07', 1, 2);
INSERT INTO pets(id,name,birth_date,type_id,owner_id) VALUES (21, 'Pet3name21', '2010-09-07', 2, 3);
INSERT INTO pets(id,name,birth_date,type_id,owner_id) VALUES (22, 'Pet3name22', '2010-09-07', 3, 3);
INSERT INTO pets(id,name,birth_date,type_id,owner_id) VALUES (23, 'Pet3name23', '2010-09-07', 4, 3);
INSERT INTO pets(id,name,birth_date,type_id,owner_id) VALUES (24, 'Pet3name24', '2010-09-07', 5, 3);
INSERT INTO pets(id,name,birth_date,type_id,owner_id) VALUES (25, 'Pet3name25', '2010-09-07', 1, 3);
INSERT INTO pets(id,name,birth_date,type_id,owner_id) VALUES (26, 'Pet3name26', '2010-09-07', 2, 3);
INSERT INTO pets(id,name,birth_date,type_id,owner_id) VALUES (27, 'Pet3name27', '2010-09-07', 3, 3);
INSERT INTO pets(id,name,birth_date,type_id,owner_id) VALUES (28, 'Pet3name28', '2010-09-07', 4, 3);
INSERT INTO pets(id,name,birth_date,type_id,owner_id) VALUES (29, 'Pet3name29', '2010-09-07', 5, 3);
INSERT INTO pets(id,name,birth_date,type_id,owner_id) VALUES (30, 'Pet3name30', '2010-09-07', 1, 3);
INSERT INTO pets(id,name,birth_date,type_id,owner_id) VALUES (31, 'Pet4name31', '2010-09-07', 2, 4);
INSERT INTO pets(id,name,birth_date,type_id,owner_id) VALUES (32, 'Pet4name32', '2010-09-07', 3, 4);
INSERT INTO pets(id,name,birth_date,type_id,owner_id) VALUES (33, 'Pet4name33', '2010-09-07', 4, 4);
INSERT INTO pets(id,name,birth_date,type_id,owner_id) VALUES (34, 'Pet4name34', '2010-09-07', 5, 4);
INSERT INTO pets(id,name,birth_date,type_id,owner_id) VALUES (35, 'Pet4name35', '2010-09-07', 1, 4);
INSERT INTO pets(id,name,birth_date,type_id,owner_id) VALUES (36, 'Pet4name36', '2010-09-07', 2, 4);
INSERT INTO pets(id,name,birth_date,type_id,owner_id) VALUES (37, 'Pet4name37', '2010-09-07', 3, 4);
INSERT INTO pets(id,name,birth_date,type_id,owner_id) VALUES (38, 'Pet4name38', '2010-09-07', 4, 4);
INSERT INTO pets(id,name,birth_date,type_id,owner_id) VALUES (39, 'Pet4name39', '2010-09-07', 5, 4);
INSERT INTO pets(id,name,birth_date,type_id,owner_id) VALUES (40, 'Pet4name40', '2010-09-07', 1, 4);
INSERT INTO pets(id,name,birth_date,type_id,owner_id) VALUES (41, 'Pet5name41', '2010-09-07', 2, 5);
INSERT INTO pets(id,name,birth_date,type_id,owner_id) VALUES (42, 'Pet5name42', '2010-09-07', 3, 5);
INSERT INTO pets(id,name,birth_date,type_id,owner_id) VALUES (43, 'Pet5name43', '2010-09-07', 4, 5);
INSERT INTO pets(id,name,birth_date,type_id,owner_id) VALUES (44, 'Pet5name44', '2010-09-07', 5, 5);
INSERT INTO pets(id,name,birth_date,type_id,owner_id) VALUES (45, 'Pet5name45', '2010-09-07', 1, 5);
INSERT INTO pets(id,name,birth_date,type_id,owner_id) VALUES (46, 'Pet5name46', '2010-09-07', 2, 5);
INSERT INTO pets(id,name,birth_date,type_id,owner_id) VALUES (47, 'Pet5name47', '2010-09-07', 3, 5);
INSERT INTO pets(id,name,birth_date,type_id,owner_id) VALUES (48, 'Pet5name48', '2010-09-07', 4, 5);
INSERT INTO pets(id,name,birth_date,type_id,owner_id) VALUES (49, 'Pet5name49', '2010-09-07', 5, 5);
INSERT INTO pets(id,name,birth_date,type_id,owner_id) VALUES (50, 'Pet5name50', '2010-09-07', 1, 5);
INSERT INTO pets(id,name,birth_date,type_id,owner_id) VALUES (51, 'Pet6name51', '2010-09-07', 2, 6);
INSERT INTO pets(id,name,birth_date,type_id,owner_id) VALUES (52, 'Pet6name52', '2010-09-07', 3, 6);
INSERT INTO pets(id,name,birth_date,type_id,owner_id) VALUES (53, 'Pet6name53', '2010-09-07', 4, 6);
INSERT INTO pets(id,name,birth_date,type_id,owner_id) VALUES (54, 'Pet6name54', '2010-09-07', 5, 6);
INSERT INTO pets(id,name,birth_date,type_id,owner_id) VALUES (55, 'Pet6name55', '2010-09-07', 1, 6);
INSERT INTO pets(id,name,birth_date,type_id,owner_id) VALUES (56, 'Pet6name56', '2010-09-07', 2, 6);
INSERT INTO pets(id,name,birth_date,type_id,owner_id) VALUES (57, 'Pet6name57', '2010-09-07', 3, 6);
INSERT INTO pets(id,name,birth_date,type_id,owner_id) VALUES (58, 'Pet6name58', '2010-09-07', 4, 6);
INSERT INTO pets(id,name,birth_date,type_id,owner_id) VALUES (59, 'Pet6name59', '2010-09-07', 5, 6);
INSERT INTO pets(id,name,birth_date,type_id,owner_id) VALUES (60, 'Pet6name60', '2010-09-07', 1, 6);
INSERT INTO pets(id,name,birth_date,type_id,owner_id) VALUES (61, 'Pet7name61', '2010-09-07', 2, 7);
INSERT INTO pets(id,name,birth_date,type_id,owner_id) VALUES (62, 'Pet7name62', '2010-09-07', 3, 7);
INSERT INTO pets(id,name,birth_date,type_id,owner_id) VALUES (63, 'Pet7name63', '2010-09-07', 4, 7);
INSERT INTO pets(id,name,birth_date,type_id,owner_id) VALUES (64, 'Pet7name64', '2010-09-07', 5, 7);
INSERT INTO pets(id,name,birth_date,type_id,owner_id) VALUES (65, 'Pet7name65', '2010-09-07', 1, 7);
INSERT INTO pets(id,name,birth_date,type_id,owner_id) VALUES (66, 'Pet7name66', '2010-09-07', 2, 7);
INSERT INTO pets(id,name,birth_date,type_id,owner_id) VALUES (67, 'Pet7name67', '2010-09-07', 3, 7);
INSERT INTO pets(id,name,birth_date,type_id,owner_id) VALUES (68, 'Pet7name68', '2010-09-07', 4, 7);
INSERT INTO pets(id,name,birth_date,type_id,owner_id) VALUES (69, 'Pet7name69', '2010-09-07', 5, 7);
INSERT INTO pets(id,name,birth_date,type_id,owner_id) VALUES (70, 'Pet7name70', '2010-09-07', 1, 7);
INSERT INTO pets(id,name,birth_date,type_id,owner_id) VALUES (71, 'Pet8name71', '2010-09-07', 2, 8);
INSERT INTO pets(id,name,birth_date,type_id,owner_id) VALUES (72, 'Pet8name72', '2010-09-07', 3, 8);
INSERT INTO pets(id,name,birth_date,type_id,owner_id) VALUES (73, 'Pet8name73', '2010-09-07', 4, 8);
INSERT INTO pets(id,name,birth_date,type_id,owner_id) VALUES (74, 'Pet8name74', '2010-09-07', 5, 8);
INSERT INTO pets(id,name,birth_date,type_id,owner_id) VALUES (75, 'Pet8name75', '2010-09-07', 1, 8);
INSERT INTO pets(id,name,birth_date,type_id,owner_id) VALUES (76, 'Pet8name76', '2010-09-07', 2, 8);
INSERT INTO pets(id,name,birth_date,type_id,owner_id) VALUES (77, 'Pet8name77', '2010-09-07', 3, 8);
INSERT INTO pets(id,name,birth_date,type_id,owner_id) VALUES (78, 'Pet8name78', '2010-09-07', 4, 8);
INSERT INTO pets(id,name,birth_date,type_id,owner_id) VALUES (79, 'Pet8name79', '2010-09-07', 5, 8);
INSERT INTO pets(id,name,birth_date,type_id,owner_id) VALUES (80, 'Pet8name80', '2010-09-07', 1, 8);
INSERT INTO pets(id,name,birth_date,type_id,owner_id) VALUES (81, 'Pet9name81', '2010-09-07', 2, 9);
INSERT INTO pets(id,name,birth_date,type_id,owner_id) VALUES (82, 'Pet9name82', '2010-09-07', 3, 9);
INSERT INTO pets(id,name,birth_date,type_id,owner_id) VALUES (83, 'Pet9name83', '2010-09-07', 4, 9);
INSERT INTO pets(id,name,birth_date,type_id,owner_id) VALUES (84, 'Pet9name84', '2010-09-07', 5, 9);
INSERT INTO pets(id,name,birth_date,type_id,owner_id) VALUES (85, 'Pet9name85', '2010-09-07', 1, 9);
INSERT INTO pets(id,name,birth_date,type_id,owner_id) VALUES (86, 'Pet9name86', '2010-09-07', 2, 9);
INSERT INTO pets(id,name,birth_date,type_id,owner_id) VALUES (87, 'Pet9name87', '2010-09-07', 3, 9);
INSERT INTO pets(id,name,birth_date,type_id,owner_id) VALUES (88, 'Pet9name88', '2010-09-07', 4, 9);
INSERT INTO pets(id,name,birth_date,type_id,owner_id) VALUES (89, 'Pet9name89', '2010-09-07', 5, 9);
INSERT INTO pets(id,name,birth_date,type_id,owner_id) VALUES (90, 'Pet9name90', '2010-09-07', 1, 9);
INSERT INTO pets(id,name,birth_date,type_id,owner_id) VALUES (91, 'Pet10name91', '2010-09-07', 2, 10);
INSERT INTO pets(id,name,birth_date,type_id,owner_id) VALUES (92, 'Pet10name92', '2010-09-07', 3, 10);
INSERT INTO pets(id,name,birth_date,type_id,owner_id) VALUES (93, 'Pet10name93', '2010-09-07', 4, 10);
INSERT INTO pets(id,name,birth_date,type_id,owner_id) VALUES (94, 'Pet10name94', '2010-09-07', 5, 10);
INSERT INTO pets(id,name,birth_date,type_id,owner_id) VALUES (95, 'Pet10name95', '2010-09-07', 1, 10);
INSERT INTO pets(id,name,birth_date,type_id,owner_id) VALUES (96, 'Pet10name96', '2010-09-07', 2, 10);
INSERT INTO pets(id,name,birth_date,type_id,owner_id) VALUES (97, 'Pet10name97', '2010-09-07', 3, 10);
INSERT INTO pets(id,name,birth_date,type_id,owner_id) VALUES (98, 'Pet10name98', '2010-09-07', 4, 10);
INSERT INTO pets(id,name,birth_date,type_id,owner_id) VALUES (99, 'Pet10name99', '2010-09-07', 5, 10);
INSERT INTO pets(id,name,birth_date,type_id,owner_id) VALUES (100, 'Pet10name100', '2010-09-07', 1, 10);

INSERT INTO visits(id,pet_id,visit_date,description) VALUES (1, 7, '2013-01-01', 'rabies shot');
INSERT INTO visits(id,pet_id,visit_date,description) VALUES (2, 8, '2013-01-02', 'rabies shot');
INSERT INTO visits(id,pet_id,visit_date,description) VALUES (3, 8, '2013-01-03', 'neutered');
INSERT INTO visits(id,pet_id,visit_date,description) VALUES (4, 7, '2013-01-04', 'spayed');

INSERT INTO beauty_solutions(id,title,type_id,vet_id,enabled,price) VALUES (1, 'Nail clipping', 1, 1, true, 10.0);
INSERT INTO beauty_solutions(id,title,type_id,vet_id,enabled,price) VALUES (2, 'Modern haircut', 1, 1, true, 25.0);
INSERT INTO beauty_solutions(id,title,type_id,vet_id,enabled,price) VALUES (3, 'Complete bath', 1, 1, true, 30.0);
INSERT INTO beauty_solutions(id,title,type_id,vet_id,enabled,price) VALUES (4, 'Traditional haircut', 1, 1, true, 10.0);
INSERT INTO beauty_solutions(id,title,type_id,vet_id,enabled,price) VALUES (5, 'Massage', 1, 1, true, 0.0);
INSERT INTO beauty_solutions(id,title,type_id,vet_id,enabled,price) VALUES (6, 'Training session', 1, 1, true, 50.0);
INSERT INTO beauty_solutions(id,title,type_id,vet_id,enabled,price) VALUES (7, 'Nail clipping deluxe', 1, 1, true, 30.0);
INSERT INTO beauty_solutions(id,title,type_id,vet_id,enabled,price) VALUES (8, 'Modern haircut deluxe', 1, 1, true, 100.0);
INSERT INTO beauty_solutions(id,title,type_id,vet_id,enabled,price) VALUES (9, 'Complete bath deluxe', 1, 1, true, 100.0);
INSERT INTO beauty_solutions(id,title,type_id,vet_id,enabled,price) VALUES (10, 'Traditional haircut deluxe', 1, 1, true, 50.0);
INSERT INTO beauty_solutions(id,title,type_id,vet_id,enabled,price) VALUES (11, 'Massage deluxe', 1, 1, true, 15.0);
INSERT INTO beauty_solutions(id,title,type_id,vet_id,enabled,price) VALUES (12, 'Training session deluxe', 1, 1, true, 9999.0);
INSERT INTO beauty_solutions(id,title,type_id,vet_id,enabled,price) VALUES (13, 'Nail clipping', 2, 1, true, 10.0);
INSERT INTO beauty_solutions(id,title,type_id,vet_id,enabled,price) VALUES (14, 'Modern haircut', 2, 1, true, 25.0);
INSERT INTO beauty_solutions(id,title,type_id,vet_id,enabled,price) VALUES (15, 'Complete bath', 2, 1, true, 30.0);
INSERT INTO beauty_solutions(id,title,type_id,vet_id,enabled,price) VALUES (16, 'Traditional haircut', 2, 1, true, 10.0);
INSERT INTO beauty_solutions(id,title,type_id,vet_id,enabled,price) VALUES (17, 'Massage', 2, 1, true, 0.0);
INSERT INTO beauty_solutions(id,title,type_id,vet_id,enabled,price) VALUES (18, 'Training session', 2, 1, true, 50.0);
INSERT INTO beauty_solutions(id,title,type_id,vet_id,enabled,price) VALUES (19, 'Nail clipping deluxe', 2, 1, true, 30.0);
INSERT INTO beauty_solutions(id,title,type_id,vet_id,enabled,price) VALUES (20, 'Modern haircut deluxe', 2, 1, true, 100.0);
INSERT INTO beauty_solutions(id,title,type_id,vet_id,enabled,price) VALUES (21, 'Complete bath deluxe', 2, 1, true, 100.0);
INSERT INTO beauty_solutions(id,title,type_id,vet_id,enabled,price) VALUES (22, 'Traditional haircut deluxe', 2, 1, true, 50.0);
INSERT INTO beauty_solutions(id,title,type_id,vet_id,enabled,price) VALUES (23, 'Massage deluxe', 2, 1, true, 15.0);
INSERT INTO beauty_solutions(id,title,type_id,vet_id,enabled,price) VALUES (24, 'Training session deluxe', 2, 1, true, 9999.0);
INSERT INTO beauty_solutions(id,title,type_id,vet_id,enabled,price) VALUES (25, 'Nail clipping', 3, 2, true, 10.0);
INSERT INTO beauty_solutions(id,title,type_id,vet_id,enabled,price) VALUES (26, 'Modern haircut', 3, 2, true, 25.0);
INSERT INTO beauty_solutions(id,title,type_id,vet_id,enabled,price) VALUES (27, 'Complete bath', 3, 3, true, 30.0);
INSERT INTO beauty_solutions(id,title,type_id,vet_id,enabled,price) VALUES (28, 'Traditional haircut', 3, 4, true, 10.0);
INSERT INTO beauty_solutions(id,title,type_id,vet_id,enabled,price) VALUES (29, 'Massage', 3, 4, true, 0.0);
INSERT INTO beauty_solutions(id,title,type_id,vet_id,enabled,price) VALUES (30, 'Training session', 3, 5, true, 50.0);
INSERT INTO beauty_solutions(id,title,type_id,vet_id,enabled,price) VALUES (31, 'Nail clipping deluxe', 3, 6, true, 30.0);
INSERT INTO beauty_solutions(id,title,type_id,vet_id,enabled,price) VALUES (32, 'Modern haircut deluxe', 3, 6, true, 100.0);
INSERT INTO beauty_solutions(id,title,type_id,vet_id,enabled,price) VALUES (33, 'Complete bath deluxe', 3, 7, true, 100.0);
INSERT INTO beauty_solutions(id,title,type_id,vet_id,enabled,price) VALUES (34, 'Traditional haircut deluxe', 3, 8, true, 50.0);
INSERT INTO beauty_solutions(id,title,type_id,vet_id,enabled,price) VALUES (35, 'Massage deluxe', 3, 8, true, 15.0);
INSERT INTO beauty_solutions(id,title,type_id,vet_id,enabled,price) VALUES (36, 'Training session deluxe', 3, 9, true, 9999.0);
INSERT INTO beauty_solutions(id,title,type_id,vet_id,enabled,price) VALUES (37, 'Nail clipping', 4, 10, true, 10.0);
INSERT INTO beauty_solutions(id,title,type_id,vet_id,enabled,price) VALUES (38, 'Modern haircut', 4, 10, true, 25.0);
INSERT INTO beauty_solutions(id,title,type_id,vet_id,enabled,price) VALUES (39, 'Complete bath', 4, 11, true, 30.0);
INSERT INTO beauty_solutions(id,title,type_id,vet_id,enabled,price) VALUES (40, 'Traditional haircut', 4, 12, false, 10.0);
INSERT INTO beauty_solutions(id,title,type_id,vet_id,enabled,price) VALUES (41, 'Massage', 4, 12, true, 0.0);
INSERT INTO beauty_solutions(id,title,type_id,vet_id,enabled,price) VALUES (42, 'Training session', 4, 13, true, 50.0);
INSERT INTO beauty_solutions(id,title,type_id,vet_id,enabled,price) VALUES (43, 'Nail clipping deluxe', 4, 14, true, 30.0);
INSERT INTO beauty_solutions(id,title,type_id,vet_id,enabled,price) VALUES (44, 'Modern haircut deluxe', 4, 14, false, 100.0);
INSERT INTO beauty_solutions(id,title,type_id,vet_id,enabled,price) VALUES (45, 'Complete bath deluxe', 4, 15, true, 100.0);
INSERT INTO beauty_solutions(id,title,type_id,vet_id,enabled,price) VALUES (46, 'Traditional haircut deluxe', 4, 16, true, 50.0);
INSERT INTO beauty_solutions(id,title,type_id,vet_id,enabled,price) VALUES (47, 'Massage deluxe', 4, 16, true, 15.0);
INSERT INTO beauty_solutions(id,title,type_id,vet_id,enabled,price) VALUES (48, 'Training session deluxe', 4, 17, true, 9999.0);
INSERT INTO beauty_solutions(id,title,type_id,vet_id,enabled,price) VALUES (49, 'Nail clipping', 5, 18, true, 10.0);
INSERT INTO beauty_solutions(id,title,type_id,vet_id,enabled,price) VALUES (50, 'Modern haircut', 5, 18, true, 25.0);
INSERT INTO beauty_solutions(id,title,type_id,vet_id,enabled,price) VALUES (51, 'Complete bath', 5, 19, true, 30.0);
INSERT INTO beauty_solutions(id,title,type_id,vet_id,enabled,price) VALUES (52, 'Traditional haircut', 5, 20, true, 10.0);
INSERT INTO beauty_solutions(id,title,type_id,vet_id,enabled,price) VALUES (53, 'Massage', 5, 20, true, 0.0);
INSERT INTO beauty_solutions(id,title,type_id,vet_id,enabled,price) VALUES (54, 'Training session', 5, 21, true, 50.0);
INSERT INTO beauty_solutions(id,title,type_id,vet_id,enabled,price) VALUES (55, 'Nail clipping deluxe', 5, 22, true, 30.0);
INSERT INTO beauty_solutions(id,title,type_id,vet_id,enabled,price) VALUES (56, 'Modern haircut deluxe', 5, 22, true, 100.0);
INSERT INTO beauty_solutions(id,title,type_id,vet_id,enabled,price) VALUES (57, 'Complete bath deluxe', 5, 23, true, 100.0);
INSERT INTO beauty_solutions(id,title,type_id,vet_id,enabled,price) VALUES (58, 'Traditional haircut deluxe', 5, 24, true, 50.0);
INSERT INTO beauty_solutions(id,title,type_id,vet_id,enabled,price) VALUES (59, 'Massage deluxe', 5, 24, true, 15.0);
INSERT INTO beauty_solutions(id,title,type_id,vet_id,enabled,price) VALUES (60, 'Training session deluxe', 5, 25, false, 9999.0);


-- VISITS
INSERT INTO beauty_solution_visits(id,beauty_solution_id,pet_id,date,final_price,cancelled,participation_photo,participation_date) VALUES (1, 21, 1, '2014-01-01 11:00:00', 10.0, false, 'https://www.affinity-petcare.com/advance/sites/default/files/styles/article-list/public/field/image/16-bosque_noruega.jpeg', '2014-01-30 12:00:00');
INSERT INTO beauty_solution_visits(id,beauty_solution_id,pet_id,date,final_price,cancelled,participation_photo,participation_date) VALUES (2, 20, 1, '2014-01-01 12:00:00', 10.0, false, 'https://www.affinity-petcare.com/advance/sites/default/files/styles/article-list/public/field/image/16-bosque_noruega.jpeg', '2014-01-30 12:00:00');
INSERT INTO beauty_solution_visits(id,beauty_solution_id,pet_id,date,final_price,cancelled,participation_photo,participation_date) VALUES (3, 18, 1, '2014-01-01 13:00:00', 10.0, false, 'https://www.affinity-petcare.com/advance/sites/default/files/styles/article-list/public/field/image/16-bosque_noruega.jpeg', '2014-01-30 12:00:00');
INSERT INTO beauty_solution_visits(id,beauty_solution_id,pet_id,date,final_price,cancelled,participation_photo,participation_date) VALUES (4, 18, 1, '2014-01-01 14:00:00', 10.0, false, 'https://www.affinity-petcare.com/advance/sites/default/files/styles/article-list/public/field/image/16-bosque_noruega.jpeg', '2014-01-30 12:00:00');
INSERT INTO beauty_solution_visits(id,beauty_solution_id,pet_id,date,final_price,cancelled,participation_photo,participation_date) VALUES (5, 14, 1, '2014-01-01 15:00:00', 10.0, false, 'https://www.affinity-petcare.com/advance/sites/default/files/styles/article-list/public/field/image/16-bosque_noruega.jpeg', '2014-01-30 12:00:00');
INSERT INTO beauty_solution_visits(id,beauty_solution_id,pet_id,date,final_price,cancelled,participation_photo,participation_date) VALUES (6, 19, 1, '2014-01-01 16:00:00', 10.0, false, 'https://www.affinity-petcare.com/advance/sites/default/files/styles/article-list/public/field/image/16-bosque_noruega.jpeg', '2014-01-30 12:00:00');
INSERT INTO beauty_solution_visits(id,beauty_solution_id,pet_id,date,final_price,cancelled,participation_photo,participation_date) VALUES (7, 15, 1, '2014-01-01 17:00:00', 10.0, false, 'https://www.affinity-petcare.com/advance/sites/default/files/styles/article-list/public/field/image/16-bosque_noruega.jpeg', '2014-01-30 12:00:00');
INSERT INTO beauty_solution_visits(id,beauty_solution_id,pet_id,date,final_price,cancelled,participation_photo,participation_date) VALUES (8, 15, 1, '2014-01-01 18:00:00', 10.0, false, 'https://www.affinity-petcare.com/advance/sites/default/files/styles/article-list/public/field/image/16-bosque_noruega.jpeg', '2014-01-30 12:00:00');
INSERT INTO beauty_solution_visits(id,beauty_solution_id,pet_id,date,final_price,cancelled,participation_photo,participation_date) VALUES (9, 21, 1, '2014-01-01 19:00:00', 10.0, false, 'https://www.affinity-petcare.com/advance/sites/default/files/styles/article-list/public/field/image/16-bosque_noruega.jpeg', '2014-01-30 12:00:00');
INSERT INTO beauty_solution_visits(id,beauty_solution_id,pet_id,date,final_price,cancelled,participation_photo,participation_date) VALUES (10, 17, 1, '2014-01-02 11:00:00', 10.0, false, 'https://www.affinity-petcare.com/advance/sites/default/files/styles/article-list/public/field/image/16-bosque_noruega.jpeg', '2014-01-30 12:00:00');
INSERT INTO beauty_solution_visits(id,beauty_solution_id,pet_id,date,final_price,cancelled,participation_photo,participation_date) VALUES (11, 16, 1, '2014-01-02 12:00:00', 10.0, false, 'https://www.affinity-petcare.com/advance/sites/default/files/styles/article-list/public/field/image/16-bosque_noruega.jpeg', '2014-01-30 12:00:00');
INSERT INTO beauty_solution_visits(id,beauty_solution_id,pet_id,date,final_price,cancelled,participation_photo,participation_date) VALUES (12, 18, 1, '2014-01-02 13:00:00', 10.0, false, 'https://www.affinity-petcare.com/advance/sites/default/files/styles/article-list/public/field/image/16-bosque_noruega.jpeg', '2014-01-30 12:00:00');
INSERT INTO beauty_solution_visits(id,beauty_solution_id,pet_id,date,final_price,cancelled,participation_photo,participation_date) VALUES (13, 18, 1, '2014-01-02 14:00:00', 10.0, false, 'https://www.affinity-petcare.com/advance/sites/default/files/styles/article-list/public/field/image/16-bosque_noruega.jpeg', '2014-01-30 12:00:00');
INSERT INTO beauty_solution_visits(id,beauty_solution_id,pet_id,date,final_price,cancelled,participation_photo,participation_date) VALUES (14, 21, 1, '2014-01-02 15:00:00', 10.0, false, 'https://www.affinity-petcare.com/advance/sites/default/files/styles/article-list/public/field/image/16-bosque_noruega.jpeg', '2014-01-30 12:00:00');
INSERT INTO beauty_solution_visits(id,beauty_solution_id,pet_id,date,final_price,cancelled,participation_photo,participation_date) VALUES (15, 19, 1, '2014-01-02 16:00:00', 10.0, false, 'https://www.affinity-petcare.com/advance/sites/default/files/styles/article-list/public/field/image/16-bosque_noruega.jpeg', '2014-01-30 12:00:00');
INSERT INTO beauty_solution_visits(id,beauty_solution_id,pet_id,date,final_price,cancelled,participation_photo,participation_date) VALUES (16, 15, 1, '2014-01-02 17:00:00', 10.0, false, 'https://www.affinity-petcare.com/advance/sites/default/files/styles/article-list/public/field/image/16-bosque_noruega.jpeg', '2014-01-30 12:00:00');
INSERT INTO beauty_solution_visits(id,beauty_solution_id,pet_id,date,final_price,cancelled,participation_photo,participation_date) VALUES (17, 17, 1, '2014-01-02 18:00:00', 10.0, false, 'https://www.affinity-petcare.com/advance/sites/default/files/styles/article-list/public/field/image/16-bosque_noruega.jpeg', '2014-01-30 12:00:00');
INSERT INTO beauty_solution_visits(id,beauty_solution_id,pet_id,date,final_price,cancelled,participation_photo,participation_date) VALUES (18, 13, 1, '2014-01-02 19:00:00', 10.0, false, 'https://www.affinity-petcare.com/advance/sites/default/files/styles/article-list/public/field/image/16-bosque_noruega.jpeg', '2014-01-30 12:00:00');
INSERT INTO beauty_solution_visits(id,beauty_solution_id,pet_id,date,final_price,cancelled,participation_photo,participation_date) VALUES (19, 13, 1, '2014-01-03 11:00:00', 10.0, false, 'https://www.affinity-petcare.com/advance/sites/default/files/styles/article-list/public/field/image/16-bosque_noruega.jpeg', '2014-01-30 12:00:00');
INSERT INTO beauty_solution_visits(id,beauty_solution_id,pet_id,date,final_price,cancelled,participation_photo,participation_date) VALUES (20, 17, 1, '2014-01-03 12:00:00', 10.0, false, 'https://www.affinity-petcare.com/advance/sites/default/files/styles/article-list/public/field/image/16-bosque_noruega.jpeg', '2014-01-30 12:00:00');
INSERT INTO beauty_solution_visits(id,beauty_solution_id,pet_id,date,final_price,cancelled,participation_photo,participation_date) VALUES (21, 18, 1, '2014-01-03 13:00:00', 10.0, false, 'https://www.affinity-petcare.com/advance/sites/default/files/styles/article-list/public/field/image/16-bosque_noruega.jpeg', '2014-01-30 12:00:00');
INSERT INTO beauty_solution_visits(id,beauty_solution_id,pet_id,date,final_price,cancelled,participation_photo,participation_date) VALUES (22, 18, 1, '2014-01-03 14:00:00', 10.0, false, 'https://www.affinity-petcare.com/advance/sites/default/files/styles/article-list/public/field/image/16-bosque_noruega.jpeg', '2014-01-30 12:00:00');
INSERT INTO beauty_solution_visits(id,beauty_solution_id,pet_id,date,final_price,cancelled,participation_photo,participation_date) VALUES (23, 17, 1, '2014-01-03 15:00:00', 10.0, false, 'https://www.affinity-petcare.com/advance/sites/default/files/styles/article-list/public/field/image/16-bosque_noruega.jpeg', '2014-01-30 12:00:00');
INSERT INTO beauty_solution_visits(id,beauty_solution_id,pet_id,date,final_price,cancelled,participation_photo,participation_date) VALUES (24, 16, 1, '2014-01-03 16:00:00', 10.0, false, 'https://www.affinity-petcare.com/advance/sites/default/files/styles/article-list/public/field/image/16-bosque_noruega.jpeg', '2014-01-30 12:00:00');
INSERT INTO beauty_solution_visits(id,beauty_solution_id,pet_id,date,final_price,cancelled,participation_photo,participation_date) VALUES (25, 15, 1, '2014-01-03 17:00:00', 10.0, false, 'https://www.affinity-petcare.com/advance/sites/default/files/styles/article-list/public/field/image/16-bosque_noruega.jpeg', '2014-01-30 12:00:00');
INSERT INTO beauty_solution_visits(id,beauty_solution_id,pet_id,date,final_price,cancelled,participation_photo,participation_date) VALUES (26, 32, 2, '2014-01-03 18:00:00', 10.0, false, 'https://www.affinity-petcare.com/advance/sites/default/files/styles/article-list/public/field/image/16-bosque_noruega.jpeg', '2014-01-30 12:00:00');
INSERT INTO beauty_solution_visits(id,beauty_solution_id,pet_id,date,final_price,cancelled,participation_photo,participation_date) VALUES (27, 29, 2, '2014-01-03 19:00:00', 10.0, false, 'https://www.affinity-petcare.com/advance/sites/default/files/styles/article-list/public/field/image/16-bosque_noruega.jpeg', '2014-01-30 12:00:00');
INSERT INTO beauty_solution_visits(id,beauty_solution_id,pet_id,date,final_price,cancelled,participation_photo,participation_date) VALUES (28, 30, 2, '2014-01-04 11:00:00', 10.0, false, 'https://www.affinity-petcare.com/advance/sites/default/files/styles/article-list/public/field/image/16-bosque_noruega.jpeg', '2014-01-30 12:00:00');
INSERT INTO beauty_solution_visits(id,beauty_solution_id,pet_id,date,final_price,cancelled,participation_photo,participation_date) VALUES (29, 25, 2, '2014-01-04 12:00:00', 10.0, false, 'https://www.affinity-petcare.com/advance/sites/default/files/styles/article-list/public/field/image/16-bosque_noruega.jpeg', '2014-01-30 12:00:00');
INSERT INTO beauty_solution_visits(id,beauty_solution_id,pet_id,date,final_price,cancelled,participation_photo,participation_date) VALUES (30, 33, 2, '2014-01-04 13:00:00', 10.0, false, 'https://www.affinity-petcare.com/advance/sites/default/files/styles/article-list/public/field/image/16-bosque_noruega.jpeg', '2014-01-30 12:00:00');
INSERT INTO beauty_solution_visits(id,beauty_solution_id,pet_id,date,final_price,cancelled,participation_photo,participation_date) VALUES (31, 30, 2, '2014-01-04 14:00:00', 10.0, false, 'https://www.affinity-petcare.com/advance/sites/default/files/styles/article-list/public/field/image/16-bosque_noruega.jpeg', '2014-01-30 12:00:00');
INSERT INTO beauty_solution_visits(id,beauty_solution_id,pet_id,date,final_price,cancelled,participation_photo,participation_date) VALUES (32, 33, 2, '2014-01-04 15:00:00', 10.0, false, 'https://www.affinity-petcare.com/advance/sites/default/files/styles/article-list/public/field/image/16-bosque_noruega.jpeg', '2014-01-30 12:00:00');
INSERT INTO beauty_solution_visits(id,beauty_solution_id,pet_id,date,final_price,cancelled,participation_photo,participation_date) VALUES (33, 32, 2, '2014-01-04 16:00:00', 10.0, false, 'https://www.affinity-petcare.com/advance/sites/default/files/styles/article-list/public/field/image/16-bosque_noruega.jpeg', '2014-01-30 12:00:00');
INSERT INTO beauty_solution_visits(id,beauty_solution_id,pet_id,date,final_price,cancelled,participation_photo,participation_date) VALUES (34, 25, 2, '2014-01-04 17:00:00', 10.0, false, 'https://www.affinity-petcare.com/advance/sites/default/files/styles/article-list/public/field/image/16-bosque_noruega.jpeg', '2014-01-30 12:00:00');
INSERT INTO beauty_solution_visits(id,beauty_solution_id,pet_id,date,final_price,cancelled,participation_photo,participation_date) VALUES (35, 28, 2, '2014-01-04 18:00:00', 10.0, false, 'https://www.affinity-petcare.com/advance/sites/default/files/styles/article-list/public/field/image/16-bosque_noruega.jpeg', '2014-01-30 12:00:00');
INSERT INTO beauty_solution_visits(id,beauty_solution_id,pet_id,date,final_price,cancelled,participation_photo,participation_date) VALUES (36, 26, 2, '2014-01-04 19:00:00', 10.0, false, 'https://www.affinity-petcare.com/advance/sites/default/files/styles/article-list/public/field/image/16-bosque_noruega.jpeg', '2014-01-30 12:00:00');
INSERT INTO beauty_solution_visits(id,beauty_solution_id,pet_id,date,final_price,cancelled,participation_photo,participation_date) VALUES (37, 27, 2, '2014-01-05 11:00:00', 10.0, false, 'https://www.affinity-petcare.com/advance/sites/default/files/styles/article-list/public/field/image/16-bosque_noruega.jpeg', '2014-01-30 12:00:00');
INSERT INTO beauty_solution_visits(id,beauty_solution_id,pet_id,date,final_price,cancelled,participation_photo,participation_date) VALUES (38, 29, 2, '2014-01-05 12:00:00', 10.0, false, 'https://www.affinity-petcare.com/advance/sites/default/files/styles/article-list/public/field/image/16-bosque_noruega.jpeg', '2014-01-30 12:00:00');
INSERT INTO beauty_solution_visits(id,beauty_solution_id,pet_id,date,final_price,cancelled,participation_photo,participation_date) VALUES (39, 31, 2, '2014-01-05 13:00:00', 10.0, false, 'https://www.affinity-petcare.com/advance/sites/default/files/styles/article-list/public/field/image/16-bosque_noruega.jpeg', '2014-01-30 12:00:00');
INSERT INTO beauty_solution_visits(id,beauty_solution_id,pet_id,date,final_price,cancelled,participation_photo,participation_date) VALUES (40, 32, 2, '2014-01-05 14:00:00', 10.0, false, 'https://www.affinity-petcare.com/advance/sites/default/files/styles/article-list/public/field/image/16-bosque_noruega.jpeg', '2014-01-30 12:00:00');
INSERT INTO beauty_solution_visits(id,beauty_solution_id,pet_id,date,final_price,cancelled,participation_photo,participation_date) VALUES (41, 32, 2, '2014-01-05 15:00:00', 10.0, false, 'https://www.affinity-petcare.com/advance/sites/default/files/styles/article-list/public/field/image/16-bosque_noruega.jpeg', '2014-01-30 12:00:00');
INSERT INTO beauty_solution_visits(id,beauty_solution_id,pet_id,date,final_price,cancelled,participation_photo,participation_date) VALUES (42, 31, 2, '2014-01-05 16:00:00', 10.0, false, 'https://www.affinity-petcare.com/advance/sites/default/files/styles/article-list/public/field/image/16-bosque_noruega.jpeg', '2014-01-30 12:00:00');
INSERT INTO beauty_solution_visits(id,beauty_solution_id,pet_id,date,final_price,cancelled,participation_photo,participation_date) VALUES (43, 29, 2, '2014-01-05 17:00:00', 10.0, false, 'https://www.affinity-petcare.com/advance/sites/default/files/styles/article-list/public/field/image/16-bosque_noruega.jpeg', '2014-01-30 12:00:00');
INSERT INTO beauty_solution_visits(id,beauty_solution_id,pet_id,date,final_price,cancelled,participation_photo,participation_date) VALUES (44, 31, 2, '2014-01-05 18:00:00', 10.0, false, 'https://www.affinity-petcare.com/advance/sites/default/files/styles/article-list/public/field/image/16-bosque_noruega.jpeg', '2014-01-30 12:00:00');
INSERT INTO beauty_solution_visits(id,beauty_solution_id,pet_id,date,final_price,cancelled,participation_photo,participation_date) VALUES (45, 28, 2, '2014-01-05 19:00:00', 10.0, false, 'https://www.affinity-petcare.com/advance/sites/default/files/styles/article-list/public/field/image/16-bosque_noruega.jpeg', '2014-01-30 12:00:00');
INSERT INTO beauty_solution_visits(id,beauty_solution_id,pet_id,date,final_price,cancelled,participation_photo,participation_date) VALUES (46, 29, 2, '2014-01-06 11:00:00', 10.0, false, 'https://www.affinity-petcare.com/advance/sites/default/files/styles/article-list/public/field/image/16-bosque_noruega.jpeg', '2014-01-30 12:00:00');
INSERT INTO beauty_solution_visits(id,beauty_solution_id,pet_id,date,final_price,cancelled,participation_photo,participation_date) VALUES (47, 32, 2, '2014-01-06 12:00:00', 10.0, false, 'https://www.affinity-petcare.com/advance/sites/default/files/styles/article-list/public/field/image/16-bosque_noruega.jpeg', '2014-01-30 12:00:00');
INSERT INTO beauty_solution_visits(id,beauty_solution_id,pet_id,date,final_price,cancelled,participation_photo,participation_date) VALUES (48, 29, 2, '2014-01-06 13:00:00', 10.0, false, 'https://www.affinity-petcare.com/advance/sites/default/files/styles/article-list/public/field/image/16-bosque_noruega.jpeg', '2014-01-30 12:00:00');
INSERT INTO beauty_solution_visits(id,beauty_solution_id,pet_id,date,final_price,cancelled,participation_photo,participation_date) VALUES (49, 30, 2, '2014-01-06 14:00:00', 10.0, false, 'https://www.affinity-petcare.com/advance/sites/default/files/styles/article-list/public/field/image/16-bosque_noruega.jpeg', '2014-01-30 12:00:00');
INSERT INTO beauty_solution_visits(id,beauty_solution_id,pet_id,date,final_price,cancelled,participation_photo,participation_date) VALUES (50, 28, 2, '2014-01-06 15:00:00', 10.0, false, 'https://www.affinity-petcare.com/advance/sites/default/files/styles/article-list/public/field/image/16-bosque_noruega.jpeg', '2014-01-30 12:00:00');
INSERT INTO beauty_solution_visits(id,beauty_solution_id,pet_id,date,final_price,cancelled,participation_photo,participation_date) VALUES (51, 43, 3, '2014-01-06 16:00:00', 10.0, false, 'https://www.affinity-petcare.com/advance/sites/default/files/styles/article-list/public/field/image/16-bosque_noruega.jpeg', '2014-01-30 12:00:00');
INSERT INTO beauty_solution_visits(id,beauty_solution_id,pet_id,date,final_price,cancelled,participation_photo,participation_date) VALUES (52, 42, 3, '2014-01-06 17:00:00', 10.0, false, 'https://www.affinity-petcare.com/advance/sites/default/files/styles/article-list/public/field/image/16-bosque_noruega.jpeg', '2014-01-30 12:00:00');
INSERT INTO beauty_solution_visits(id,beauty_solution_id,pet_id,date,final_price,cancelled,participation_photo,participation_date) VALUES (53, 45, 3, '2014-01-06 18:00:00', 10.0, false, 'https://www.affinity-petcare.com/advance/sites/default/files/styles/article-list/public/field/image/16-bosque_noruega.jpeg', '2014-01-30 12:00:00');
INSERT INTO beauty_solution_visits(id,beauty_solution_id,pet_id,date,final_price,cancelled,participation_photo,participation_date) VALUES (54, 45, 3, '2014-01-06 19:00:00', 10.0, false, 'https://www.affinity-petcare.com/advance/sites/default/files/styles/article-list/public/field/image/16-bosque_noruega.jpeg', '2014-01-30 12:00:00');
INSERT INTO beauty_solution_visits(id,beauty_solution_id,pet_id,date,final_price,cancelled,participation_photo,participation_date) VALUES (55, 38, 3, '2014-01-07 11:00:00', 10.0, false, 'https://www.affinity-petcare.com/advance/sites/default/files/styles/article-list/public/field/image/16-bosque_noruega.jpeg', '2014-01-30 12:00:00');
INSERT INTO beauty_solution_visits(id,beauty_solution_id,pet_id,date,final_price,cancelled,participation_photo,participation_date) VALUES (56, 44, 3, '2014-01-07 12:00:00', 10.0, false, 'https://www.affinity-petcare.com/advance/sites/default/files/styles/article-list/public/field/image/16-bosque_noruega.jpeg', '2014-01-30 12:00:00');
INSERT INTO beauty_solution_visits(id,beauty_solution_id,pet_id,date,final_price,cancelled,participation_photo,participation_date) VALUES (57, 39, 3, '2014-01-07 13:00:00', 10.0, false, 'https://www.affinity-petcare.com/advance/sites/default/files/styles/article-list/public/field/image/16-bosque_noruega.jpeg', '2014-01-30 12:00:00');
INSERT INTO beauty_solution_visits(id,beauty_solution_id,pet_id,date,final_price,cancelled,participation_photo,participation_date) VALUES (58, 44, 3, '2014-01-07 14:00:00', 10.0, false, 'https://www.affinity-petcare.com/advance/sites/default/files/styles/article-list/public/field/image/16-bosque_noruega.jpeg', '2014-01-30 12:00:00');
INSERT INTO beauty_solution_visits(id,beauty_solution_id,pet_id,date,final_price,cancelled,participation_photo,participation_date) VALUES (59, 43, 3, '2014-01-07 15:00:00', 10.0, false, 'https://www.affinity-petcare.com/advance/sites/default/files/styles/article-list/public/field/image/16-bosque_noruega.jpeg', '2014-01-30 12:00:00');
INSERT INTO beauty_solution_visits(id,beauty_solution_id,pet_id,date,final_price,cancelled,participation_photo,participation_date) VALUES (60, 39, 3, '2014-01-07 16:00:00', 10.0, false, 'https://www.affinity-petcare.com/advance/sites/default/files/styles/article-list/public/field/image/16-bosque_noruega.jpeg', '2014-01-30 12:00:00');
INSERT INTO beauty_solution_visits(id,beauty_solution_id,pet_id,date,final_price,cancelled,participation_photo,participation_date) VALUES (61, 39, 3, '2014-01-07 17:00:00', 10.0, false, 'https://www.affinity-petcare.com/advance/sites/default/files/styles/article-list/public/field/image/16-bosque_noruega.jpeg', '2014-01-30 12:00:00');
INSERT INTO beauty_solution_visits(id,beauty_solution_id,pet_id,date,final_price,cancelled,participation_photo,participation_date) VALUES (62, 45, 3, '2014-01-07 18:00:00', 10.0, false, 'https://www.affinity-petcare.com/advance/sites/default/files/styles/article-list/public/field/image/16-bosque_noruega.jpeg', '2014-01-30 12:00:00');
INSERT INTO beauty_solution_visits(id,beauty_solution_id,pet_id,date,final_price,cancelled,participation_photo,participation_date) VALUES (63, 37, 3, '2014-01-07 19:00:00', 10.0, false, 'https://www.affinity-petcare.com/advance/sites/default/files/styles/article-list/public/field/image/16-bosque_noruega.jpeg', '2014-01-30 12:00:00');
INSERT INTO beauty_solution_visits(id,beauty_solution_id,pet_id,date,final_price,cancelled,participation_photo,participation_date) VALUES (64, 45, 3, '2014-01-08 11:00:00', 10.0, false, 'https://www.affinity-petcare.com/advance/sites/default/files/styles/article-list/public/field/image/16-bosque_noruega.jpeg', '2014-01-30 12:00:00');
INSERT INTO beauty_solution_visits(id,beauty_solution_id,pet_id,date,final_price,cancelled,participation_photo,participation_date) VALUES (65, 37, 3, '2014-01-08 12:00:00', 10.0, false, 'https://www.affinity-petcare.com/advance/sites/default/files/styles/article-list/public/field/image/16-bosque_noruega.jpeg', '2014-01-30 12:00:00');
INSERT INTO beauty_solution_visits(id,beauty_solution_id,pet_id,date,final_price,cancelled,participation_photo,participation_date) VALUES (66, 43, 3, '2014-01-08 13:00:00', 10.0, false, 'https://www.affinity-petcare.com/advance/sites/default/files/styles/article-list/public/field/image/16-bosque_noruega.jpeg', '2014-01-30 12:00:00');
INSERT INTO beauty_solution_visits(id,beauty_solution_id,pet_id,date,final_price,cancelled,participation_photo,participation_date) VALUES (67, 39, 3, '2014-01-08 14:00:00', 10.0, false, 'https://www.affinity-petcare.com/advance/sites/default/files/styles/article-list/public/field/image/16-bosque_noruega.jpeg', '2014-01-30 12:00:00');
INSERT INTO beauty_solution_visits(id,beauty_solution_id,pet_id,date,final_price,cancelled,participation_photo,participation_date) VALUES (68, 40, 3, '2014-01-08 15:00:00', 10.0, false, 'https://www.affinity-petcare.com/advance/sites/default/files/styles/article-list/public/field/image/16-bosque_noruega.jpeg', '2014-01-30 12:00:00');
INSERT INTO beauty_solution_visits(id,beauty_solution_id,pet_id,date,final_price,cancelled,participation_photo,participation_date) VALUES (69, 40, 3, '2014-01-08 16:00:00', 10.0, false, 'https://www.affinity-petcare.com/advance/sites/default/files/styles/article-list/public/field/image/16-bosque_noruega.jpeg', '2014-01-30 12:00:00');
INSERT INTO beauty_solution_visits(id,beauty_solution_id,pet_id,date,final_price,cancelled,participation_photo,participation_date) VALUES (70, 41, 3, '2014-01-08 17:00:00', 10.0, false, 'https://www.affinity-petcare.com/advance/sites/default/files/styles/article-list/public/field/image/16-bosque_noruega.jpeg', '2014-01-30 12:00:00');
INSERT INTO beauty_solution_visits(id,beauty_solution_id,pet_id,date,final_price,cancelled,participation_photo,participation_date) VALUES (71, 44, 3, '2014-01-08 18:00:00', 10.0, false, 'https://www.affinity-petcare.com/advance/sites/default/files/styles/article-list/public/field/image/16-bosque_noruega.jpeg', '2014-01-30 12:00:00');
INSERT INTO beauty_solution_visits(id,beauty_solution_id,pet_id,date,final_price,cancelled,participation_photo,participation_date) VALUES (72, 42, 3, '2014-01-08 19:00:00', 10.0, false, 'https://www.affinity-petcare.com/advance/sites/default/files/styles/article-list/public/field/image/16-bosque_noruega.jpeg', '2014-01-30 12:00:00');
INSERT INTO beauty_solution_visits(id,beauty_solution_id,pet_id,date,final_price,cancelled,participation_photo,participation_date) VALUES (73, 44, 3, '2014-01-09 11:00:00', 10.0, false, 'https://www.affinity-petcare.com/advance/sites/default/files/styles/article-list/public/field/image/16-bosque_noruega.jpeg', '2014-01-30 12:00:00');
INSERT INTO beauty_solution_visits(id,beauty_solution_id,pet_id,date,final_price,cancelled,participation_photo,participation_date) VALUES (74, 40, 3, '2014-01-09 12:00:00', 10.0, false, 'https://www.affinity-petcare.com/advance/sites/default/files/styles/article-list/public/field/image/16-bosque_noruega.jpeg', '2014-01-30 12:00:00');
INSERT INTO beauty_solution_visits(id,beauty_solution_id,pet_id,date,final_price,cancelled,participation_photo,participation_date) VALUES (75, 45, 3, '2014-01-09 13:00:00', 10.0, false, 'https://www.affinity-petcare.com/advance/sites/default/files/styles/article-list/public/field/image/16-bosque_noruega.jpeg', '2014-01-30 12:00:00');
INSERT INTO beauty_solution_visits(id,beauty_solution_id,pet_id,date,final_price,cancelled,participation_photo,participation_date) VALUES (76, 50, 4, '2014-01-09 14:00:00', 10.0, false, 'https://www.affinity-petcare.com/advance/sites/default/files/styles/article-list/public/field/image/16-bosque_noruega.jpeg', '2014-01-30 12:00:00');
INSERT INTO beauty_solution_visits(id,beauty_solution_id,pet_id,date,final_price,cancelled,participation_photo,participation_date) VALUES (77, 54, 4, '2014-01-09 15:00:00', 10.0, false, 'https://www.affinity-petcare.com/advance/sites/default/files/styles/article-list/public/field/image/16-bosque_noruega.jpeg', '2014-01-30 12:00:00');
INSERT INTO beauty_solution_visits(id,beauty_solution_id,pet_id,date,final_price,cancelled,participation_photo,participation_date) VALUES (78, 51, 4, '2014-01-09 16:00:00', 10.0, false, 'https://www.affinity-petcare.com/advance/sites/default/files/styles/article-list/public/field/image/16-bosque_noruega.jpeg', '2014-01-30 12:00:00');
INSERT INTO beauty_solution_visits(id,beauty_solution_id,pet_id,date,final_price,cancelled,participation_photo,participation_date) VALUES (79, 51, 4, '2014-01-09 17:00:00', 10.0, false, 'https://www.affinity-petcare.com/advance/sites/default/files/styles/article-list/public/field/image/16-bosque_noruega.jpeg', '2014-01-30 12:00:00');
INSERT INTO beauty_solution_visits(id,beauty_solution_id,pet_id,date,final_price,cancelled,participation_photo,participation_date) VALUES (80, 55, 4, '2014-01-09 18:00:00', 10.0, false, 'https://www.affinity-petcare.com/advance/sites/default/files/styles/article-list/public/field/image/16-bosque_noruega.jpeg', '2014-01-30 12:00:00');
INSERT INTO beauty_solution_visits(id,beauty_solution_id,pet_id,date,final_price,cancelled) VALUES (81, 56, 4, '2014-01-09 19:00:00', 10.0, false);
INSERT INTO beauty_solution_visits(id,beauty_solution_id,pet_id,date,final_price,cancelled) VALUES (82, 49, 4, '2014-02-01 11:00:00', 10.0, false);
INSERT INTO beauty_solution_visits(id,beauty_solution_id,pet_id,date,final_price,cancelled) VALUES (83, 55, 4, '2014-02-01 12:00:00', 10.0, false);
INSERT INTO beauty_solution_visits(id,beauty_solution_id,pet_id,date,final_price,cancelled) VALUES (84, 54, 4, '2014-02-01 13:00:00', 10.0, false);
INSERT INTO beauty_solution_visits(id,beauty_solution_id,pet_id,date,final_price,cancelled) VALUES (85, 50, 4, '2014-02-01 14:00:00', 10.0, false);
INSERT INTO beauty_solution_visits(id,beauty_solution_id,pet_id,date,final_price,cancelled) VALUES (86, 49, 4, '2014-02-01 15:00:00', 10.0, false);
INSERT INTO beauty_solution_visits(id,beauty_solution_id,pet_id,date,final_price,cancelled) VALUES (87, 52, 4, '2014-02-01 16:00:00', 10.0, false);
INSERT INTO beauty_solution_visits(id,beauty_solution_id,pet_id,date,final_price,cancelled) VALUES (88, 56, 4, '2014-02-01 17:00:00', 10.0, false);
INSERT INTO beauty_solution_visits(id,beauty_solution_id,pet_id,date,final_price,cancelled) VALUES (89, 54, 4, '2014-02-01 18:00:00', 10.0, false);
INSERT INTO beauty_solution_visits(id,beauty_solution_id,pet_id,date,final_price,cancelled) VALUES (90, 53, 4, '2014-02-01 19:00:00', 10.0, false);
INSERT INTO beauty_solution_visits(id,beauty_solution_id,pet_id,date,final_price,cancelled) VALUES (91, 52, 4, '2014-02-02 11:00:00', 10.0, false);
INSERT INTO beauty_solution_visits(id,beauty_solution_id,pet_id,date,final_price,cancelled) VALUES (92, 53, 4, '2014-02-02 12:00:00', 10.0, false);
INSERT INTO beauty_solution_visits(id,beauty_solution_id,pet_id,date,final_price,cancelled) VALUES (93, 51, 4, '2014-02-02 13:00:00', 10.0, false);
INSERT INTO beauty_solution_visits(id,beauty_solution_id,pet_id,date,final_price,cancelled) VALUES (94, 54, 4, '2014-02-02 14:00:00', 10.0, false);
INSERT INTO beauty_solution_visits(id,beauty_solution_id,pet_id,date,final_price,cancelled) VALUES (95, 53, 4, '2014-02-02 15:00:00', 10.0, false);
INSERT INTO beauty_solution_visits(id,beauty_solution_id,pet_id,date,final_price,cancelled) VALUES (96, 50, 4, '2014-02-02 16:00:00', 10.0, false);
INSERT INTO beauty_solution_visits(id,beauty_solution_id,pet_id,date,final_price,cancelled) VALUES (97, 52, 4, '2014-02-02 17:00:00', 10.0, false);
INSERT INTO beauty_solution_visits(id,beauty_solution_id,pet_id,date,final_price,cancelled) VALUES (98, 49, 4, '2014-02-02 18:00:00', 10.0, false);
INSERT INTO beauty_solution_visits(id,beauty_solution_id,pet_id,date,final_price,cancelled) VALUES (99, 54, 4, '2014-02-02 19:00:00', 10.0, false);
INSERT INTO beauty_solution_visits(id,beauty_solution_id,pet_id,date,final_price,cancelled) VALUES (100, 51, 4, '2014-02-03 11:00:00', 10.0, false);
INSERT INTO beauty_solution_visits(id,beauty_solution_id,pet_id,date,final_price,cancelled) VALUES (101, 3, 5, '2014-02-03 12:00:00', 10.0, false);
INSERT INTO beauty_solution_visits(id,beauty_solution_id,pet_id,date,final_price,cancelled) VALUES (102, 8, 5, '2014-02-03 13:00:00', 10.0, false);
INSERT INTO beauty_solution_visits(id,beauty_solution_id,pet_id,date,final_price,cancelled) VALUES (103, 5, 5, '2014-02-03 14:00:00', 10.0, false);
INSERT INTO beauty_solution_visits(id,beauty_solution_id,pet_id,date,final_price,cancelled) VALUES (104, 7, 5, '2014-02-03 15:00:00', 10.0, false);
INSERT INTO beauty_solution_visits(id,beauty_solution_id,pet_id,date,final_price,cancelled) VALUES (105, 3, 5, '2014-02-03 16:00:00', 10.0, false);
INSERT INTO beauty_solution_visits(id,beauty_solution_id,pet_id,date,final_price,cancelled) VALUES (106, 6, 5, '2014-02-03 17:00:00', 10.0, false);
INSERT INTO beauty_solution_visits(id,beauty_solution_id,pet_id,date,final_price,cancelled) VALUES (107, 6, 5, '2014-02-03 18:00:00', 10.0, false);
INSERT INTO beauty_solution_visits(id,beauty_solution_id,pet_id,date,final_price,cancelled) VALUES (108, 7, 5, '2014-02-03 19:00:00', 10.0, false);
INSERT INTO beauty_solution_visits(id,beauty_solution_id,pet_id,date,final_price,cancelled) VALUES (109, 2, 5, '2014-02-04 11:00:00', 10.0, false);
INSERT INTO beauty_solution_visits(id,beauty_solution_id,pet_id,date,final_price,cancelled) VALUES (110, 3, 5, '2014-02-04 12:00:00', 10.0, false);
INSERT INTO beauty_solution_visits(id,beauty_solution_id,pet_id,date,final_price,cancelled) VALUES (111, 9, 5, '2014-02-04 13:00:00', 10.0, false);
INSERT INTO beauty_solution_visits(id,beauty_solution_id,pet_id,date,final_price,cancelled) VALUES (112, 2, 5, '2014-02-04 14:00:00', 10.0, false);
INSERT INTO beauty_solution_visits(id,beauty_solution_id,pet_id,date,final_price,cancelled) VALUES (113, 9, 5, '2014-02-04 15:00:00', 10.0, false);
INSERT INTO beauty_solution_visits(id,beauty_solution_id,pet_id,date,final_price,cancelled) VALUES (114, 6, 5, '2014-02-04 16:00:00', 10.0, false);
INSERT INTO beauty_solution_visits(id,beauty_solution_id,pet_id,date,final_price,cancelled) VALUES (115, 2, 5, '2014-02-04 17:00:00', 10.0, false);
INSERT INTO beauty_solution_visits(id,beauty_solution_id,pet_id,date,final_price,cancelled) VALUES (116, 9, 5, '2014-02-04 18:00:00', 10.0, false);
INSERT INTO beauty_solution_visits(id,beauty_solution_id,pet_id,date,final_price,cancelled) VALUES (117, 6, 5, '2014-02-04 19:00:00', 10.0, false);
INSERT INTO beauty_solution_visits(id,beauty_solution_id,pet_id,date,final_price,cancelled) VALUES (118, 9, 5, '2014-02-05 11:00:00', 10.0, false);
INSERT INTO beauty_solution_visits(id,beauty_solution_id,pet_id,date,final_price,cancelled) VALUES (119, 2, 5, '2014-02-05 12:00:00', 10.0, false);
INSERT INTO beauty_solution_visits(id,beauty_solution_id,pet_id,date,final_price,cancelled) VALUES (120, 7, 5, '2014-02-05 13:00:00', 10.0, false);
INSERT INTO beauty_solution_visits(id,beauty_solution_id,pet_id,date,final_price,cancelled) VALUES (121, 2, 5, '2014-02-05 14:00:00', 10.0, false);
INSERT INTO beauty_solution_visits(id,beauty_solution_id,pet_id,date,final_price,cancelled) VALUES (122, 5, 5, '2014-02-05 15:00:00', 10.0, false);
INSERT INTO beauty_solution_visits(id,beauty_solution_id,pet_id,date,final_price,cancelled) VALUES (123, 9, 5, '2014-02-05 16:00:00', 10.0, false);
INSERT INTO beauty_solution_visits(id,beauty_solution_id,pet_id,date,final_price,cancelled) VALUES (124, 7, 5, '2014-02-05 17:00:00', 10.0, false);
INSERT INTO beauty_solution_visits(id,beauty_solution_id,pet_id,date,final_price,cancelled) VALUES (125, 1, 5, '2014-02-05 18:00:00', 10.0, false);
INSERT INTO beauty_solution_visits(id,beauty_solution_id,pet_id,date,final_price,cancelled) VALUES (126, 16, 6, '2014-02-05 19:00:00', 10.0, false);
INSERT INTO beauty_solution_visits(id,beauty_solution_id,pet_id,date,final_price,cancelled) VALUES (127, 19, 6, '2014-02-06 11:00:00', 10.0, false);
INSERT INTO beauty_solution_visits(id,beauty_solution_id,pet_id,date,final_price,cancelled) VALUES (128, 18, 6, '2014-02-06 12:00:00', 10.0, false);
INSERT INTO beauty_solution_visits(id,beauty_solution_id,pet_id,date,final_price,cancelled) VALUES (129, 16, 6, '2014-02-06 13:00:00', 10.0, false);
INSERT INTO beauty_solution_visits(id,beauty_solution_id,pet_id,date,final_price,cancelled) VALUES (130, 18, 6, '2014-02-06 14:00:00', 10.0, false);
INSERT INTO beauty_solution_visits(id,beauty_solution_id,pet_id,date,final_price,cancelled) VALUES (131, 15, 6, '2014-02-06 15:00:00', 10.0, false);
INSERT INTO beauty_solution_visits(id,beauty_solution_id,pet_id,date,final_price,cancelled) VALUES (132, 14, 6, '2014-02-06 16:00:00', 10.0, false);
INSERT INTO beauty_solution_visits(id,beauty_solution_id,pet_id,date,final_price,cancelled) VALUES (133, 15, 6, '2014-02-06 17:00:00', 10.0, false);
INSERT INTO beauty_solution_visits(id,beauty_solution_id,pet_id,date,final_price,cancelled) VALUES (134, 21, 6, '2014-02-06 18:00:00', 10.0, false);
INSERT INTO beauty_solution_visits(id,beauty_solution_id,pet_id,date,final_price,cancelled) VALUES (135, 19, 6, '2014-02-06 19:00:00', 10.0, false);
INSERT INTO beauty_solution_visits(id,beauty_solution_id,pet_id,date,final_price,cancelled) VALUES (136, 13, 6, '2014-02-07 11:00:00', 10.0, false);
INSERT INTO beauty_solution_visits(id,beauty_solution_id,pet_id,date,final_price,cancelled) VALUES (137, 17, 6, '2014-02-07 12:00:00', 10.0, false);
INSERT INTO beauty_solution_visits(id,beauty_solution_id,pet_id,date,final_price,cancelled) VALUES (138, 13, 6, '2014-02-07 13:00:00', 10.0, false);
INSERT INTO beauty_solution_visits(id,beauty_solution_id,pet_id,date,final_price,cancelled) VALUES (139, 20, 6, '2014-02-07 14:00:00', 10.0, false);
INSERT INTO beauty_solution_visits(id,beauty_solution_id,pet_id,date,final_price,cancelled) VALUES (140, 14, 6, '2014-02-07 15:00:00', 10.0, false);
INSERT INTO beauty_solution_visits(id,beauty_solution_id,pet_id,date,final_price,cancelled) VALUES (141, 16, 6, '2014-02-07 16:00:00', 10.0, false);
INSERT INTO beauty_solution_visits(id,beauty_solution_id,pet_id,date,final_price,cancelled) VALUES (142, 17, 6, '2014-02-07 17:00:00', 10.0, false);
INSERT INTO beauty_solution_visits(id,beauty_solution_id,pet_id,date,final_price,cancelled) VALUES (143, 20, 6, '2014-02-07 18:00:00', 10.0, false);
INSERT INTO beauty_solution_visits(id,beauty_solution_id,pet_id,date,final_price,cancelled) VALUES (144, 17, 6, '2014-02-07 19:00:00', 10.0, false);
INSERT INTO beauty_solution_visits(id,beauty_solution_id,pet_id,date,final_price,cancelled) VALUES (145, 16, 6, '2014-02-08 11:00:00', 10.0, false);
INSERT INTO beauty_solution_visits(id,beauty_solution_id,pet_id,date,final_price,cancelled) VALUES (146, 16, 6, '2014-02-08 12:00:00', 10.0, false);
INSERT INTO beauty_solution_visits(id,beauty_solution_id,pet_id,date,final_price,cancelled) VALUES (147, 21, 6, '2014-02-08 13:00:00', 10.0, false);
INSERT INTO beauty_solution_visits(id,beauty_solution_id,pet_id,date,final_price,cancelled) VALUES (148, 20, 6, '2014-02-08 14:00:00', 10.0, false);
INSERT INTO beauty_solution_visits(id,beauty_solution_id,pet_id,date,final_price,cancelled) VALUES (149, 19, 6, '2014-02-08 15:00:00', 10.0, false);
INSERT INTO beauty_solution_visits(id,beauty_solution_id,pet_id,date,final_price,cancelled) VALUES (150, 18, 6, '2014-02-08 16:00:00', 10.0, false);
INSERT INTO beauty_solution_visits(id,beauty_solution_id,pet_id,date,final_price,cancelled) VALUES (151, 29, 7, '2014-02-08 17:00:00', 10.0, false);
INSERT INTO beauty_solution_visits(id,beauty_solution_id,pet_id,date,final_price,cancelled) VALUES (152, 33, 7, '2014-02-08 18:00:00', 10.0, false);
INSERT INTO beauty_solution_visits(id,beauty_solution_id,pet_id,date,final_price,cancelled) VALUES (153, 29, 7, '2014-02-08 19:00:00', 10.0, false);
INSERT INTO beauty_solution_visits(id,beauty_solution_id,pet_id,date,final_price,cancelled) VALUES (154, 27, 7, '2014-02-09 11:00:00', 10.0, false);
INSERT INTO beauty_solution_visits(id,beauty_solution_id,pet_id,date,final_price,cancelled) VALUES (155, 27, 7, '2014-02-09 12:00:00', 10.0, false);
INSERT INTO beauty_solution_visits(id,beauty_solution_id,pet_id,date,final_price,cancelled) VALUES (156, 32, 7, '2014-02-09 13:00:00', 10.0, false);
INSERT INTO beauty_solution_visits(id,beauty_solution_id,pet_id,date,final_price,cancelled) VALUES (157, 32, 7, '2014-02-09 14:00:00', 10.0, false);
INSERT INTO beauty_solution_visits(id,beauty_solution_id,pet_id,date,final_price,cancelled) VALUES (158, 29, 7, '2014-02-09 15:00:00', 10.0, false);
INSERT INTO beauty_solution_visits(id,beauty_solution_id,pet_id,date,final_price,cancelled) VALUES (159, 33, 7, '2014-02-09 16:00:00', 10.0, false);
INSERT INTO beauty_solution_visits(id,beauty_solution_id,pet_id,date,final_price,cancelled) VALUES (160, 30, 7, '2014-02-09 17:00:00', 10.0, false);
INSERT INTO beauty_solution_visits(id,beauty_solution_id,pet_id,date,final_price,cancelled) VALUES (161, 27, 7, '2014-02-09 18:00:00', 10.0, false);
INSERT INTO beauty_solution_visits(id,beauty_solution_id,pet_id,date,final_price,cancelled) VALUES (162, 33, 7, '2014-02-09 19:00:00', 10.0, false);
INSERT INTO beauty_solution_visits(id,beauty_solution_id,pet_id,date,final_price,cancelled) VALUES (163, 33, 7, '2014-03-01 11:00:00', 10.0, false);
INSERT INTO beauty_solution_visits(id,beauty_solution_id,pet_id,date,final_price,cancelled) VALUES (164, 31, 7, '2014-03-01 12:00:00', 10.0, false);
INSERT INTO beauty_solution_visits(id,beauty_solution_id,pet_id,date,final_price,cancelled) VALUES (165, 32, 7, '2014-03-01 13:00:00', 10.0, false);
INSERT INTO beauty_solution_visits(id,beauty_solution_id,pet_id,date,final_price,cancelled) VALUES (166, 25, 7, '2014-03-01 14:00:00', 10.0, false);
INSERT INTO beauty_solution_visits(id,beauty_solution_id,pet_id,date,final_price,cancelled) VALUES (167, 29, 7, '2014-03-01 15:00:00', 10.0, false);
INSERT INTO beauty_solution_visits(id,beauty_solution_id,pet_id,date,final_price,cancelled) VALUES (168, 25, 7, '2014-03-01 16:00:00', 10.0, false);
INSERT INTO beauty_solution_visits(id,beauty_solution_id,pet_id,date,final_price,cancelled) VALUES (169, 25, 7, '2014-03-01 17:00:00', 10.0, false);
INSERT INTO beauty_solution_visits(id,beauty_solution_id,pet_id,date,final_price,cancelled) VALUES (170, 28, 7, '2014-03-01 18:00:00', 10.0, false);
INSERT INTO beauty_solution_visits(id,beauty_solution_id,pet_id,date,final_price,cancelled) VALUES (171, 26, 7, '2014-03-01 19:00:00', 10.0, false);
INSERT INTO beauty_solution_visits(id,beauty_solution_id,pet_id,date,final_price,cancelled) VALUES (172, 27, 7, '2014-03-02 11:00:00', 10.0, false);
INSERT INTO beauty_solution_visits(id,beauty_solution_id,pet_id,date,final_price,cancelled) VALUES (173, 25, 7, '2014-03-02 12:00:00', 10.0, false);
INSERT INTO beauty_solution_visits(id,beauty_solution_id,pet_id,date,final_price,cancelled) VALUES (174, 27, 7, '2014-03-02 13:00:00', 10.0, false);
INSERT INTO beauty_solution_visits(id,beauty_solution_id,pet_id,date,final_price,cancelled) VALUES (175, 31, 7, '2014-03-02 14:00:00', 10.0, false);
INSERT INTO beauty_solution_visits(id,beauty_solution_id,pet_id,date,final_price,cancelled) VALUES (176, 37, 8, '2014-03-02 15:00:00', 10.0, false);
INSERT INTO beauty_solution_visits(id,beauty_solution_id,pet_id,date,final_price,cancelled) VALUES (177, 43, 8, '2014-03-02 16:00:00', 10.0, false);
INSERT INTO beauty_solution_visits(id,beauty_solution_id,pet_id,date,final_price,cancelled) VALUES (178, 42, 8, '2014-03-02 17:00:00', 10.0, false);
INSERT INTO beauty_solution_visits(id,beauty_solution_id,pet_id,date,final_price,cancelled) VALUES (179, 45, 8, '2014-03-02 18:00:00', 10.0, false);
INSERT INTO beauty_solution_visits(id,beauty_solution_id,pet_id,date,final_price,cancelled) VALUES (180, 41, 8, '2014-03-02 19:00:00', 10.0, false);
INSERT INTO beauty_solution_visits(id,beauty_solution_id,pet_id,date,final_price,cancelled) VALUES (181, 42, 8, '2014-03-03 11:00:00', 10.0, false);
INSERT INTO beauty_solution_visits(id,beauty_solution_id,pet_id,date,final_price,cancelled) VALUES (182, 42, 8, '2014-03-03 12:00:00', 10.0, false);
INSERT INTO beauty_solution_visits(id,beauty_solution_id,pet_id,date,final_price,cancelled) VALUES (183, 45, 8, '2014-03-03 13:00:00', 10.0, false);
INSERT INTO beauty_solution_visits(id,beauty_solution_id,pet_id,date,final_price,cancelled) VALUES (184, 43, 8, '2014-03-03 14:00:00', 10.0, false);
INSERT INTO beauty_solution_visits(id,beauty_solution_id,pet_id,date,final_price,cancelled) VALUES (185, 44, 8, '2014-03-03 15:00:00', 10.0, false);
INSERT INTO beauty_solution_visits(id,beauty_solution_id,pet_id,date,final_price,cancelled) VALUES (186, 42, 8, '2014-03-03 16:00:00', 10.0, false);
INSERT INTO beauty_solution_visits(id,beauty_solution_id,pet_id,date,final_price,cancelled) VALUES (187, 41, 8, '2014-03-03 17:00:00', 10.0, false);
INSERT INTO beauty_solution_visits(id,beauty_solution_id,pet_id,date,final_price,cancelled) VALUES (188, 41, 8, '2014-03-03 18:00:00', 10.0, false);
INSERT INTO beauty_solution_visits(id,beauty_solution_id,pet_id,date,final_price,cancelled) VALUES (189, 39, 8, '2014-03-03 19:00:00', 10.0, false);
INSERT INTO beauty_solution_visits(id,beauty_solution_id,pet_id,date,final_price,cancelled) VALUES (190, 38, 8, '2014-03-04 11:00:00', 10.0, false);
INSERT INTO beauty_solution_visits(id,beauty_solution_id,pet_id,date,final_price,cancelled) VALUES (191, 40, 8, '2014-03-04 12:00:00', 10.0, false);
INSERT INTO beauty_solution_visits(id,beauty_solution_id,pet_id,date,final_price,cancelled) VALUES (192, 45, 8, '2014-03-04 13:00:00', 10.0, false);
INSERT INTO beauty_solution_visits(id,beauty_solution_id,pet_id,date,final_price,cancelled) VALUES (193, 45, 8, '2014-03-04 14:00:00', 10.0, false);
INSERT INTO beauty_solution_visits(id,beauty_solution_id,pet_id,date,final_price,cancelled) VALUES (194, 45, 8, '2014-03-04 15:00:00', 10.0, false);
INSERT INTO beauty_solution_visits(id,beauty_solution_id,pet_id,date,final_price,cancelled) VALUES (195, 40, 8, '2014-03-04 16:00:00', 10.0, false);
INSERT INTO beauty_solution_visits(id,beauty_solution_id,pet_id,date,final_price,cancelled) VALUES (196, 39, 8, '2014-03-04 17:00:00', 10.0, false);
INSERT INTO beauty_solution_visits(id,beauty_solution_id,pet_id,date,final_price,cancelled) VALUES (197, 39, 8, '2014-03-04 18:00:00', 10.0, false);
INSERT INTO beauty_solution_visits(id,beauty_solution_id,pet_id,date,final_price,cancelled) VALUES (198, 43, 8, '2014-03-04 19:00:00', 10.0, false);
INSERT INTO beauty_solution_visits(id,beauty_solution_id,pet_id,date,final_price,cancelled) VALUES (199, 44, 8, '2014-03-05 11:00:00', 10.0, false);
INSERT INTO beauty_solution_visits(id,beauty_solution_id,pet_id,date,final_price,cancelled) VALUES (200, 44, 8, '2014-03-05 12:00:00', 10.0, false);
INSERT INTO beauty_solution_visits(id,beauty_solution_id,pet_id,date,final_price,cancelled) VALUES (201, 52, 9, '2014-03-05 13:00:00', 10.0, false);
INSERT INTO beauty_solution_visits(id,beauty_solution_id,pet_id,date,final_price,cancelled) VALUES (202, 54, 9, '2014-03-05 14:00:00', 10.0, false);
INSERT INTO beauty_solution_visits(id,beauty_solution_id,pet_id,date,final_price,cancelled) VALUES (203, 51, 9, '2014-03-05 15:00:00', 10.0, false);
INSERT INTO beauty_solution_visits(id,beauty_solution_id,pet_id,date,final_price,cancelled) VALUES (204, 52, 9, '2014-03-05 16:00:00', 10.0, false);
INSERT INTO beauty_solution_visits(id,beauty_solution_id,pet_id,date,final_price,cancelled) VALUES (205, 51, 9, '2014-03-05 17:00:00', 10.0, false);
INSERT INTO beauty_solution_visits(id,beauty_solution_id,pet_id,date,final_price,cancelled) VALUES (206, 53, 9, '2014-03-05 18:00:00', 10.0, false);
INSERT INTO beauty_solution_visits(id,beauty_solution_id,pet_id,date,final_price,cancelled) VALUES (207, 55, 9, '2014-03-05 19:00:00', 10.0, false);
INSERT INTO beauty_solution_visits(id,beauty_solution_id,pet_id,date,final_price,cancelled) VALUES (208, 56, 9, '2014-03-06 11:00:00', 10.0, false);
INSERT INTO beauty_solution_visits(id,beauty_solution_id,pet_id,date,final_price,cancelled) VALUES (209, 50, 9, '2014-03-06 12:00:00', 10.0, false);
INSERT INTO beauty_solution_visits(id,beauty_solution_id,pet_id,date,final_price,cancelled) VALUES (210, 57, 9, '2014-03-06 13:00:00', 10.0, false);
INSERT INTO beauty_solution_visits(id,beauty_solution_id,pet_id,date,final_price,cancelled) VALUES (211, 51, 9, '2014-03-06 14:00:00', 10.0, false);
INSERT INTO beauty_solution_visits(id,beauty_solution_id,pet_id,date,final_price,cancelled) VALUES (212, 53, 9, '2014-03-06 15:00:00', 10.0, false);
INSERT INTO beauty_solution_visits(id,beauty_solution_id,pet_id,date,final_price,cancelled) VALUES (213, 56, 9, '2014-03-06 16:00:00', 10.0, false);
INSERT INTO beauty_solution_visits(id,beauty_solution_id,pet_id,date,final_price,cancelled) VALUES (214, 51, 9, '2014-03-06 17:00:00', 10.0, false);
INSERT INTO beauty_solution_visits(id,beauty_solution_id,pet_id,date,final_price,cancelled) VALUES (215, 50, 9, '2014-03-06 18:00:00', 10.0, false);
INSERT INTO beauty_solution_visits(id,beauty_solution_id,pet_id,date,final_price,cancelled) VALUES (216, 53, 9, '2014-03-06 19:00:00', 10.0, false);
INSERT INTO beauty_solution_visits(id,beauty_solution_id,pet_id,date,final_price,cancelled) VALUES (217, 55, 9, '2014-03-07 11:00:00', 10.0, false);
INSERT INTO beauty_solution_visits(id,beauty_solution_id,pet_id,date,final_price,cancelled) VALUES (218, 54, 9, '2014-03-07 12:00:00', 10.0, false);
INSERT INTO beauty_solution_visits(id,beauty_solution_id,pet_id,date,final_price,cancelled) VALUES (219, 54, 9, '2014-03-07 13:00:00', 10.0, false);
INSERT INTO beauty_solution_visits(id,beauty_solution_id,pet_id,date,final_price,cancelled) VALUES (220, 49, 9, '2014-03-07 14:00:00', 10.0, false);
INSERT INTO beauty_solution_visits(id,beauty_solution_id,pet_id,date,final_price,cancelled) VALUES (221, 52, 9, '2014-03-07 15:00:00', 10.0, false);
INSERT INTO beauty_solution_visits(id,beauty_solution_id,pet_id,date,final_price,cancelled) VALUES (222, 51, 9, '2014-03-07 16:00:00', 10.0, false);
INSERT INTO beauty_solution_visits(id,beauty_solution_id,pet_id,date,final_price,cancelled) VALUES (223, 50, 9, '2014-03-07 17:00:00', 10.0, false);
INSERT INTO beauty_solution_visits(id,beauty_solution_id,pet_id,date,final_price,cancelled) VALUES (224, 55, 9, '2014-03-07 18:00:00', 10.0, false);
INSERT INTO beauty_solution_visits(id,beauty_solution_id,pet_id,date,final_price,cancelled) VALUES (225, 49, 9, '2014-03-07 19:00:00', 10.0, false);
INSERT INTO beauty_solution_visits(id,beauty_solution_id,pet_id,date,final_price,cancelled) VALUES (226, 2, 10, '2014-03-08 11:00:00', 10.0, false);
INSERT INTO beauty_solution_visits(id,beauty_solution_id,pet_id,date,final_price,cancelled) VALUES (227, 9, 10, '2014-03-08 12:00:00', 10.0, false);
INSERT INTO beauty_solution_visits(id,beauty_solution_id,pet_id,date,final_price,cancelled) VALUES (228, 5, 10, '2014-03-08 13:00:00', 10.0, false);
INSERT INTO beauty_solution_visits(id,beauty_solution_id,pet_id,date,final_price,cancelled) VALUES (229, 5, 10, '2014-03-08 14:00:00', 10.0, false);
INSERT INTO beauty_solution_visits(id,beauty_solution_id,pet_id,date,final_price,cancelled) VALUES (230, 2, 10, '2014-03-08 15:00:00', 10.0, false);
INSERT INTO beauty_solution_visits(id,beauty_solution_id,pet_id,date,final_price,cancelled) VALUES (231, 2, 10, '2014-03-08 16:00:00', 10.0, false);
INSERT INTO beauty_solution_visits(id,beauty_solution_id,pet_id,date,final_price,cancelled) VALUES (232, 4, 10, '2014-03-08 17:00:00', 10.0, false);
INSERT INTO beauty_solution_visits(id,beauty_solution_id,pet_id,date,final_price,cancelled) VALUES (233, 9, 10, '2014-03-08 18:00:00', 10.0, false);
INSERT INTO beauty_solution_visits(id,beauty_solution_id,pet_id,date,final_price,cancelled) VALUES (234, 2, 10, '2014-03-08 19:00:00', 10.0, false);
INSERT INTO beauty_solution_visits(id,beauty_solution_id,pet_id,date,final_price,cancelled) VALUES (235, 7, 10, '2014-03-09 11:00:00', 10.0, false);
INSERT INTO beauty_solution_visits(id,beauty_solution_id,pet_id,date,final_price,cancelled) VALUES (236, 4, 10, '2014-03-09 12:00:00', 10.0, false);
INSERT INTO beauty_solution_visits(id,beauty_solution_id,pet_id,date,final_price,cancelled) VALUES (237, 5, 10, '2014-03-09 13:00:00', 10.0, false);
INSERT INTO beauty_solution_visits(id,beauty_solution_id,pet_id,date,final_price,cancelled) VALUES (238, 6, 10, '2014-03-09 14:00:00', 10.0, false);
INSERT INTO beauty_solution_visits(id,beauty_solution_id,pet_id,date,final_price,cancelled) VALUES (239, 9, 10, '2014-03-09 15:00:00', 10.0, false);
INSERT INTO beauty_solution_visits(id,beauty_solution_id,pet_id,date,final_price,cancelled) VALUES (240, 9, 10, '2014-03-09 16:00:00', 10.0, false);
INSERT INTO beauty_solution_visits(id,beauty_solution_id,pet_id,date,final_price,cancelled) VALUES (241, 9, 10, '2014-03-09 17:00:00', 10.0, false);
INSERT INTO beauty_solution_visits(id,beauty_solution_id,pet_id,date,final_price,cancelled) VALUES (242, 3, 10, '2014-03-09 18:00:00', 10.0, false);
INSERT INTO beauty_solution_visits(id,beauty_solution_id,pet_id,date,final_price,cancelled) VALUES (243, 4, 10, '2014-03-09 19:00:00', 10.0, false);
INSERT INTO beauty_solution_visits(id,beauty_solution_id,pet_id,date,final_price,cancelled) VALUES (244, 8, 10, '2014-04-01 11:00:00', 10.0, false);
INSERT INTO beauty_solution_visits(id,beauty_solution_id,pet_id,date,final_price,cancelled) VALUES (245, 5, 10, '2014-04-01 12:00:00', 10.0, false);
INSERT INTO beauty_solution_visits(id,beauty_solution_id,pet_id,date,final_price,cancelled) VALUES (246, 1, 10, '2014-04-01 13:00:00', 10.0, false);
INSERT INTO beauty_solution_visits(id,beauty_solution_id,pet_id,date,final_price,cancelled) VALUES (247, 8, 10, '2014-04-01 14:00:00', 10.0, false);
INSERT INTO beauty_solution_visits(id,beauty_solution_id,pet_id,date,final_price,cancelled) VALUES (248, 9, 10, '2014-04-01 15:00:00', 10.0, false);
INSERT INTO beauty_solution_visits(id,beauty_solution_id,pet_id,date,final_price,cancelled) VALUES (249, 4, 10, '2014-04-01 16:00:00', 10.0, false);
INSERT INTO beauty_solution_visits(id,beauty_solution_id,pet_id,date,final_price,cancelled) VALUES (250, 9, 10, '2014-04-01 17:00:00', 10.0, false);
INSERT INTO beauty_solution_visits(id,beauty_solution_id,pet_id,date,final_price,cancelled) VALUES (251, 17, 11, '2014-04-01 18:00:00', 10.0, false);
INSERT INTO beauty_solution_visits(id,beauty_solution_id,pet_id,date,final_price,cancelled) VALUES (252, 18, 11, '2014-04-01 19:00:00', 10.0, false);
INSERT INTO beauty_solution_visits(id,beauty_solution_id,pet_id,date,final_price,cancelled) VALUES (253, 18, 11, '2014-04-02 11:00:00', 10.0, false);
INSERT INTO beauty_solution_visits(id,beauty_solution_id,pet_id,date,final_price,cancelled) VALUES (254, 20, 11, '2014-04-02 12:00:00', 10.0, false);
INSERT INTO beauty_solution_visits(id,beauty_solution_id,pet_id,date,final_price,cancelled) VALUES (255, 13, 11, '2014-04-02 13:00:00', 10.0, false);
INSERT INTO beauty_solution_visits(id,beauty_solution_id,pet_id,date,final_price,cancelled) VALUES (256, 19, 11, '2014-04-02 14:00:00', 10.0, false);
INSERT INTO beauty_solution_visits(id,beauty_solution_id,pet_id,date,final_price,cancelled) VALUES (257, 20, 11, '2014-04-02 15:00:00', 10.0, false);
INSERT INTO beauty_solution_visits(id,beauty_solution_id,pet_id,date,final_price,cancelled) VALUES (258, 16, 11, '2014-04-02 16:00:00', 10.0, false);
INSERT INTO beauty_solution_visits(id,beauty_solution_id,pet_id,date,final_price,cancelled) VALUES (259, 19, 11, '2014-04-02 17:00:00', 10.0, false);
INSERT INTO beauty_solution_visits(id,beauty_solution_id,pet_id,date,final_price,cancelled) VALUES (260, 19, 11, '2014-04-02 18:00:00', 10.0, false);
INSERT INTO beauty_solution_visits(id,beauty_solution_id,pet_id,date,final_price,cancelled) VALUES (261, 15, 11, '2014-04-02 19:00:00', 10.0, false);
INSERT INTO beauty_solution_visits(id,beauty_solution_id,pet_id,date,final_price,cancelled) VALUES (262, 20, 11, '2014-04-03 11:00:00', 10.0, false);
INSERT INTO beauty_solution_visits(id,beauty_solution_id,pet_id,date,final_price,cancelled) VALUES (263, 15, 11, '2014-04-03 12:00:00', 10.0, false);
INSERT INTO beauty_solution_visits(id,beauty_solution_id,pet_id,date,final_price,cancelled) VALUES (264, 20, 11, '2014-04-03 13:00:00', 10.0, false);
INSERT INTO beauty_solution_visits(id,beauty_solution_id,pet_id,date,final_price,cancelled) VALUES (265, 14, 11, '2014-04-03 14:00:00', 10.0, false);
INSERT INTO beauty_solution_visits(id,beauty_solution_id,pet_id,date,final_price,cancelled) VALUES (266, 14, 11, '2014-04-03 15:00:00', 10.0, false);
INSERT INTO beauty_solution_visits(id,beauty_solution_id,pet_id,date,final_price,cancelled) VALUES (267, 14, 11, '2014-04-03 16:00:00', 10.0, false);
INSERT INTO beauty_solution_visits(id,beauty_solution_id,pet_id,date,final_price,cancelled) VALUES (268, 14, 11, '2014-04-03 17:00:00', 10.0, false);
INSERT INTO beauty_solution_visits(id,beauty_solution_id,pet_id,date,final_price,cancelled) VALUES (269, 16, 11, '2014-04-03 18:00:00', 10.0, false);
INSERT INTO beauty_solution_visits(id,beauty_solution_id,pet_id,date,final_price,cancelled) VALUES (270, 20, 11, '2014-04-03 19:00:00', 10.0, false);
INSERT INTO beauty_solution_visits(id,beauty_solution_id,pet_id,date,final_price,cancelled) VALUES (271, 21, 11, '2014-04-04 11:00:00', 10.0, false);
INSERT INTO beauty_solution_visits(id,beauty_solution_id,pet_id,date,final_price,cancelled) VALUES (272, 17, 11, '2014-04-04 12:00:00', 10.0, false);
INSERT INTO beauty_solution_visits(id,beauty_solution_id,pet_id,date,final_price,cancelled) VALUES (273, 19, 11, '2014-04-04 13:00:00', 10.0, false);
INSERT INTO beauty_solution_visits(id,beauty_solution_id,pet_id,date,final_price,cancelled) VALUES (274, 13, 11, '2014-04-04 14:00:00', 10.0, false);
INSERT INTO beauty_solution_visits(id,beauty_solution_id,pet_id,date,final_price,cancelled) VALUES (275, 19, 11, '2014-04-04 15:00:00', 10.0, false);
INSERT INTO beauty_solution_visits(id,beauty_solution_id,pet_id,date,final_price,cancelled) VALUES (276, 26, 12, '2014-04-04 16:00:00', 10.0, false);
INSERT INTO beauty_solution_visits(id,beauty_solution_id,pet_id,date,final_price,cancelled) VALUES (277, 28, 12, '2014-04-04 17:00:00', 10.0, false);
INSERT INTO beauty_solution_visits(id,beauty_solution_id,pet_id,date,final_price,cancelled) VALUES (278, 31, 12, '2014-04-04 18:00:00', 10.0, false);
INSERT INTO beauty_solution_visits(id,beauty_solution_id,pet_id,date,final_price,cancelled) VALUES (279, 28, 12, '2014-04-04 19:00:00', 10.0, false);
INSERT INTO beauty_solution_visits(id,beauty_solution_id,pet_id,date,final_price,cancelled) VALUES (280, 29, 12, '2014-04-05 11:00:00', 10.0, false);
INSERT INTO beauty_solution_visits(id,beauty_solution_id,pet_id,date,final_price,cancelled) VALUES (281, 25, 12, '2014-04-05 12:00:00', 10.0, false);
INSERT INTO beauty_solution_visits(id,beauty_solution_id,pet_id,date,final_price,cancelled) VALUES (282, 33, 12, '2014-04-05 13:00:00', 10.0, false);
INSERT INTO beauty_solution_visits(id,beauty_solution_id,pet_id,date,final_price,cancelled) VALUES (283, 28, 12, '2014-04-05 14:00:00', 10.0, false);
INSERT INTO beauty_solution_visits(id,beauty_solution_id,pet_id,date,final_price,cancelled) VALUES (284, 26, 12, '2014-04-05 15:00:00', 10.0, false);
INSERT INTO beauty_solution_visits(id,beauty_solution_id,pet_id,date,final_price,cancelled) VALUES (285, 33, 12, '2014-04-05 16:00:00', 10.0, false);
INSERT INTO beauty_solution_visits(id,beauty_solution_id,pet_id,date,final_price,cancelled) VALUES (286, 27, 12, '2014-04-05 17:00:00', 10.0, false);
INSERT INTO beauty_solution_visits(id,beauty_solution_id,pet_id,date,final_price,cancelled) VALUES (287, 33, 12, '2014-04-05 18:00:00', 10.0, false);
INSERT INTO beauty_solution_visits(id,beauty_solution_id,pet_id,date,final_price,cancelled) VALUES (288, 28, 12, '2014-04-05 19:00:00', 10.0, false);
INSERT INTO beauty_solution_visits(id,beauty_solution_id,pet_id,date,final_price,cancelled) VALUES (289, 25, 12, '2014-04-06 11:00:00', 10.0, false);
INSERT INTO beauty_solution_visits(id,beauty_solution_id,pet_id,date,final_price,cancelled) VALUES (290, 25, 12, '2014-04-06 12:00:00', 10.0, false);
INSERT INTO beauty_solution_visits(id,beauty_solution_id,pet_id,date,final_price,cancelled) VALUES (291, 32, 12, '2014-04-06 13:00:00', 10.0, false);
INSERT INTO beauty_solution_visits(id,beauty_solution_id,pet_id,date,final_price,cancelled) VALUES (292, 33, 12, '2014-04-06 14:00:00', 10.0, false);
INSERT INTO beauty_solution_visits(id,beauty_solution_id,pet_id,date,final_price,cancelled) VALUES (293, 31, 12, '2014-04-06 15:00:00', 10.0, false);
INSERT INTO beauty_solution_visits(id,beauty_solution_id,pet_id,date,final_price,cancelled) VALUES (294, 33, 12, '2014-04-06 16:00:00', 10.0, false);
INSERT INTO beauty_solution_visits(id,beauty_solution_id,pet_id,date,final_price,cancelled) VALUES (295, 29, 12, '2014-04-06 17:00:00', 10.0, false);
INSERT INTO beauty_solution_visits(id,beauty_solution_id,pet_id,date,final_price,cancelled) VALUES (296, 29, 12, '2014-04-06 18:00:00', 10.0, false);
INSERT INTO beauty_solution_visits(id,beauty_solution_id,pet_id,date,final_price,cancelled) VALUES (297, 26, 12, '2014-04-06 19:00:00', 10.0, false);
INSERT INTO beauty_solution_visits(id,beauty_solution_id,pet_id,date,final_price,cancelled) VALUES (298, 32, 12, '2014-04-07 11:00:00', 10.0, false);
INSERT INTO beauty_solution_visits(id,beauty_solution_id,pet_id,date,final_price,cancelled) VALUES (299, 29, 12, '2014-04-07 12:00:00', 10.0, false);
INSERT INTO beauty_solution_visits(id,beauty_solution_id,pet_id,date,final_price,cancelled) VALUES (300, 32, 12, '2014-04-07 13:00:00', 10.0, false);

-- BEAUTY CONTESTS

INSERT INTO beauty_contests(id,year,month) VALUES (1, 2010, 1);
INSERT INTO beauty_contests(id,year,month) VALUES (2, 2010, 2);
INSERT INTO beauty_contests(id,year,month) VALUES (3, 2010, 3);
INSERT INTO beauty_contests(id,year,month) VALUES (4, 2010, 4);
INSERT INTO beauty_contests(id,year,month) VALUES (5, 2010, 5);
INSERT INTO beauty_contests(id,year,month) VALUES (6, 2010, 6);
INSERT INTO beauty_contests(id,year,month) VALUES (7, 2010, 7);
INSERT INTO beauty_contests(id,year,month) VALUES (8, 2010, 8);
INSERT INTO beauty_contests(id,year,month) VALUES (9, 2010, 9);
INSERT INTO beauty_contests(id,year,month) VALUES (10, 2010, 10);
INSERT INTO beauty_contests(id,year,month) VALUES (11, 2010, 11);
INSERT INTO beauty_contests(id,year,month) VALUES (12, 2010, 12);
INSERT INTO beauty_contests(id,year,month) VALUES (13, 2011, 1);
INSERT INTO beauty_contests(id,year,month) VALUES (14, 2011, 2);
INSERT INTO beauty_contests(id,year,month) VALUES (15, 2011, 3);
INSERT INTO beauty_contests(id,year,month) VALUES (16, 2011, 4);
INSERT INTO beauty_contests(id,year,month) VALUES (17, 2011, 5);
INSERT INTO beauty_contests(id,year,month) VALUES (18, 2011, 6);
INSERT INTO beauty_contests(id,year,month) VALUES (19, 2011, 7);
INSERT INTO beauty_contests(id,year,month) VALUES (20, 2011, 8);
INSERT INTO beauty_contests(id,year,month) VALUES (21, 2011, 9);
INSERT INTO beauty_contests(id,year,month) VALUES (22, 2011, 10);
INSERT INTO beauty_contests(id,year,month) VALUES (23, 2011, 11);
INSERT INTO beauty_contests(id,year,month) VALUES (24, 2011, 12);
INSERT INTO beauty_contests(id,year,month) VALUES (25, 2012, 1);
INSERT INTO beauty_contests(id,year,month) VALUES (26, 2012, 2);
INSERT INTO beauty_contests(id,year,month) VALUES (27, 2012, 3);
INSERT INTO beauty_contests(id,year,month) VALUES (28, 2012, 4);
INSERT INTO beauty_contests(id,year,month) VALUES (29, 2012, 5);
INSERT INTO beauty_contests(id,year,month) VALUES (30, 2012, 6);
INSERT INTO beauty_contests(id,year,month) VALUES (31, 2012, 7);
INSERT INTO beauty_contests(id,year,month) VALUES (32, 2012, 8);
INSERT INTO beauty_contests(id,year,month) VALUES (33, 2012, 9);
INSERT INTO beauty_contests(id,year,month) VALUES (34, 2012, 10);
INSERT INTO beauty_contests(id,year,month) VALUES (35, 2012, 11);
INSERT INTO beauty_contests(id,year,month) VALUES (36, 2012, 12);
INSERT INTO beauty_contests(id,year,month) VALUES (37, 2013, 1);
INSERT INTO beauty_contests(id,year,month) VALUES (38, 2013, 2);
INSERT INTO beauty_contests(id,year,month) VALUES (39, 2013, 3);
INSERT INTO beauty_contests(id,year,month) VALUES (40, 2013, 4);
INSERT INTO beauty_contests(id,year,month) VALUES (41, 2013, 5);
INSERT INTO beauty_contests(id,year,month) VALUES (42, 2013, 6);
INSERT INTO beauty_contests(id,year,month) VALUES (43, 2013, 7);
INSERT INTO beauty_contests(id,year,month) VALUES (44, 2013, 8);
INSERT INTO beauty_contests(id,year,month) VALUES (45, 2013, 9);
INSERT INTO beauty_contests(id,year,month) VALUES (46, 2013, 10);
INSERT INTO beauty_contests(id,year,month) VALUES (47, 2013, 11);
INSERT INTO beauty_contests(id,year,month) VALUES (48, 2013, 12);
INSERT INTO beauty_contests(id,year,month) VALUES (49, 2014, 1);
INSERT INTO beauty_contests(id,year,month) VALUES (50, 2014, 2);
INSERT INTO beauty_contests(id,year,month) VALUES (51, 2014, 3);
INSERT INTO beauty_contests(id,year,month) VALUES (52, 2014, 4);
INSERT INTO beauty_contests(id,year,month) VALUES (53, 2014, 5);
INSERT INTO beauty_contests(id,year,month) VALUES (54, 2014, 6);
INSERT INTO beauty_contests(id,year,month) VALUES (55, 2014, 7);
INSERT INTO beauty_contests(id,year,month) VALUES (56, 2014, 8);
INSERT INTO beauty_contests(id,year,month) VALUES (57, 2014, 9);
INSERT INTO beauty_contests(id,year,month) VALUES (58, 2014, 10);
INSERT INTO beauty_contests(id,year,month) VALUES (59, 2014, 11);
INSERT INTO beauty_contests(id,year,month) VALUES (60, 2014, 12);
INSERT INTO beauty_contests(id,year,month) VALUES (61, 2015, 1);
INSERT INTO beauty_contests(id,year,month) VALUES (62, 2015, 2);
INSERT INTO beauty_contests(id,year,month) VALUES (63, 2015, 3);
INSERT INTO beauty_contests(id,year,month) VALUES (64, 2015, 4);
INSERT INTO beauty_contests(id,year,month) VALUES (65, 2015, 5);
INSERT INTO beauty_contests(id,year,month) VALUES (66, 2015, 6);
INSERT INTO beauty_contests(id,year,month) VALUES (67, 2015, 7);
INSERT INTO beauty_contests(id,year,month) VALUES (68, 2015, 8);
INSERT INTO beauty_contests(id,year,month) VALUES (69, 2015, 9);
INSERT INTO beauty_contests(id,year,month) VALUES (70, 2015, 10);
INSERT INTO beauty_contests(id,year,month) VALUES (71, 2015, 11);
INSERT INTO beauty_contests(id,year,month) VALUES (72, 2015, 12);
INSERT INTO beauty_contests(id,year,month) VALUES (73, 2016, 1);
INSERT INTO beauty_contests(id,year,month) VALUES (74, 2016, 2);
INSERT INTO beauty_contests(id,year,month) VALUES (75, 2016, 3);
INSERT INTO beauty_contests(id,year,month) VALUES (76, 2016, 4);
INSERT INTO beauty_contests(id,year,month) VALUES (77, 2016, 5);
INSERT INTO beauty_contests(id,year,month) VALUES (78, 2016, 6);
INSERT INTO beauty_contests(id,year,month) VALUES (79, 2016, 7);
INSERT INTO beauty_contests(id,year,month) VALUES (80, 2016, 8);
INSERT INTO beauty_contests(id,year,month) VALUES (81, 2016, 9);
INSERT INTO beauty_contests(id,year,month) VALUES (82, 2016, 10);
INSERT INTO beauty_contests(id,year,month) VALUES (83, 2016, 11);
INSERT INTO beauty_contests(id,year,month) VALUES (84, 2016, 12);
INSERT INTO beauty_contests(id,year,month) VALUES (85, 2017, 1);
INSERT INTO beauty_contests(id,year,month) VALUES (86, 2017, 2);
INSERT INTO beauty_contests(id,year,month) VALUES (87, 2017, 3);
INSERT INTO beauty_contests(id,year,month) VALUES (88, 2017, 4);
INSERT INTO beauty_contests(id,year,month) VALUES (89, 2017, 5);
INSERT INTO beauty_contests(id,year,month) VALUES (90, 2017, 6);
INSERT INTO beauty_contests(id,year,month) VALUES (91, 2017, 7);
INSERT INTO beauty_contests(id,year,month) VALUES (92, 2017, 8);
INSERT INTO beauty_contests(id,year,month) VALUES (93, 2017, 9);
INSERT INTO beauty_contests(id,year,month) VALUES (94, 2017, 10);
INSERT INTO beauty_contests(id,year,month) VALUES (95, 2017, 11);
INSERT INTO beauty_contests(id,year,month) VALUES (96, 2017, 12);
INSERT INTO beauty_contests(id,year,month) VALUES (97, 2018, 1);
INSERT INTO beauty_contests(id,year,month) VALUES (98, 2018, 2);
INSERT INTO beauty_contests(id,year,month) VALUES (99, 2018, 3);
INSERT INTO beauty_contests(id,year,month) VALUES (100, 2018, 4);
INSERT INTO beauty_contests(id,year,month) VALUES (101, 2018, 5);
INSERT INTO beauty_contests(id,year,month) VALUES (102, 2018, 6);
INSERT INTO beauty_contests(id,year,month) VALUES (103, 2018, 7);
INSERT INTO beauty_contests(id,year,month) VALUES (104, 2018, 8);
INSERT INTO beauty_contests(id,year,month) VALUES (105, 2018, 9);
INSERT INTO beauty_contests(id,year,month) VALUES (106, 2018, 10);
INSERT INTO beauty_contests(id,year,month) VALUES (107, 2018, 11);
INSERT INTO beauty_contests(id,year,month) VALUES (108, 2018, 12);
INSERT INTO beauty_contests(id,year,month) VALUES (109, 2019, 1);
INSERT INTO beauty_contests(id,year,month) VALUES (110, 2019, 2);
INSERT INTO beauty_contests(id,year,month) VALUES (111, 2019, 3);
INSERT INTO beauty_contests(id,year,month) VALUES (112, 2019, 4);
INSERT INTO beauty_contests(id,year,month) VALUES (113, 2019, 5);
INSERT INTO beauty_contests(id,year,month) VALUES (114, 2019, 6);
INSERT INTO beauty_contests(id,year,month) VALUES (115, 2019, 7);
INSERT INTO beauty_contests(id,year,month) VALUES (116, 2019, 8);
INSERT INTO beauty_contests(id,year,month) VALUES (117, 2019, 9);
INSERT INTO beauty_contests(id,year,month) VALUES (118, 2019, 10);
INSERT INTO beauty_contests(id,year,month) VALUES (119, 2019, 11);
INSERT INTO beauty_contests(id,year,month) VALUES (120, 2019, 12);
INSERT INTO beauty_contests(id,year,month) VALUES (121, 2020, 1);
INSERT INTO beauty_contests(id,year,month) VALUES (122, 2020, 2);
INSERT INTO beauty_contests(id,year,month) VALUES (123, 2020, 3);
INSERT INTO beauty_contests(id,year,month) VALUES (124, 2020, 4);
